0A:F9:E0:61:23:76,16:94:0E:C2:27:FE,1C:CE:51:7B:33:17,22:0B:74:B7:68:EA,24:C9:A1:13:DD:E8,2A:1D:BF:79:B6:54,34:15:93:5C:E7:90,34:15:93:5C:E7:91,34:15:93:5C:E7:92,34:15:93:5C:E7:93,36:94:54:8A:2D:B9,36:94:54:8A:32:38,36:94:54:94:53:FB,36:94:54:94:54:22,3A:34:07:D1:57:9A,3A:F5:5F:00:E0:51,3E:E9:E0:62:41:73,40:23:43:7E:FE:59,4C:D5:77:21:21:79,50:3D:D1:40:FE:6F,50:84:92:57:3D:B1,52:02:91:6A:8C:22,56:13:79:37:5F:BD,58:B6:33:39:53:E8,58:B6:33:79:53:E8,5C:83:6C:51:FC:60,5C:83:6C:51:FC:61,5C:83:6C:51:FC:62,5C:83:6C:51:FC:63,70:47:77:68:BE:60,70:47:77:68:BE:61,70:47:77:68:BE:62,70:47:77:68:BE:63,70:77:81:11:82:D2,78:20:51:A7:9E:84,78:9F:6A:7B:DC:A0,78:9F:6A:7B:DC:A1,78:9F:6A:7B:DC:A2,78:9F:6A:7B:DC:A3,92:88:9E:5E:34:44,96:C6:12:9B:E7:4D,9A:77:A2:8A:11:5E,A6:21:DE:9E:7E:69,A6:C9:3B:0A:FD:F0,B0:7C:51:51:C7:A0,B0:7C:51:51:C7:A1,B0:7C:51:51:C7:A2,B0:7C:51:51:C7:A3,B0:7C:51:51:CB:80,B0:7C:51:51:CB:81,B0:7C:51:51:CB:82,B0:7C:51:51:CB:83,B0:7C:51:51:CF:20,B0:7C:51:51:CF:22,B0:7C:51:51:CF:23,B0:7C:51:51:D6:20,B0:7C:51:51:D6:21,B0:7C:51:51:D6:22,B0:7C:51:51:D6:23,C2:6B:8D:8D:97:17,C4:12:F5:04:D3:38,C8:A6:08:45:29:D0,C8:A6:08:45:29:D1,C8:A6:08:45:29:D2,C8:A6:08:45:29:D3,CA:E2:65:D2:84:80,CE:DE:1A:2E:87:1B,D2:42:A4:94:44:17,DE:FF:70:5F:EB:AA,FA:03:77:C4:0C:2A,FA:62:BB:15:48:66,Location
-100.0,-100.0,-100.0,-100.0,-100.0,-100.0,-84.0,-83.0,-85.0,-83.0,-100.0,-100.0,-100.0,-100.0,-100.0,-100.0,-100.0,-100.0,-100.0,-100.0,-100.0,-100.0,-100.0,-100.0,-100.0,-100.0,-100.0,-100.0,-100.0,-58.0,-58.0,-58.0,-58.0,-100.0,-83.0,-100.0,-100.0,-100.0,-100.0,-100.0,-100.0,-100.0,-100.0,-100.0,-100.0,-100.0,-100.0,-100.0,-100.0,-100.0,-100.0,-100.0,-100.0,-100.0,-100.0,-100.0,-100.0,-100.0,-100.0,-100.0,-100.0,-87.0,-87.0,-86.0,-86.0,-100.0,-100.0,-100.0,-100.0,-100.0,-100.0,CEP102
-100.0,-100.0,-100.0,-100.0,-100.0,-100.0,-75.0,-75.0,-76.0,-75.0,-100.0,-100.0,-100.0,-100.0,-100.0,-100.0,-100.0,-100.0,-100.0,-100.0,-100.0,-100.0,-100.0,-100.0,-100.0,-100.0,-100.0,-100.0,-100.0,-42.0,-42.0,-42.0,-42.0,-89.0,-100.0,-100.0,-100.0,-100.0,-100.0,-100.0,-100.0,-100.0,-100.0,-100.0,-100.0,-100.0,-100.0,-100.0,-100.0,-100.0,-100.0,-100.0,-100.0,-100.0,-100.0,-100.0,-100.0,-100.0,-100.0,-100.0,-100.0,-100.0,-100.0,-100.0,-100.0,-100.0,-100.0,-100.0,-100.0,-100.0,-100.0,CEP102
-100.0,-100.0,-100.0,-100.0,-100.0,-100.0,-76.0,-76.0,-76.0,-75.0,-100.0,-100.0,-100.0,-100.0,-100.0,-100.0,-100.0,-100.0,-100.0,-100.0,-100.0,-100.0,-87.0,-87.0,-89.0,-100.0,-100.0,-100.0,-100.0,-56.0,-56.0,-56.0,-56.0,-100.0,-75.0,-100.0,-100.0,-100.0,-100.0,-100.0,-100.0,-100.0,-100.0,-100.0,-100.0,-100.0,-100.0,-100.0,-100.0,-100.0,-100.0,-100.0,-100.0,-100.0,-100.0,-100.0,-100.0,-100.0,-100.0,-100.0,-100.0,-100.0,-100.0,-100.0,-100.0,-100.0,-100.0,-100.0,-100.0,-100.0,-100.0,CEP102
-100.0,-100.0,-100.0,-100.0,-100.0,-100.0,-79.0,-80.0,-78.0,-77.0,-100.0,-100.0,-100.0,-100.0,-100.0,-100.0,-100.0,-100.0,-100.0,-88.0,-100.0,-100.0,-87.0,-100.0,-100.0,-100.0,-100.0,-100.0,-100.0,-59.0,-59.0,-59.0,-59.0,-100.0,-77.0,-100.0,-100.0,-100.0,-100.0,-100.0,-100.0,-100.0,-100.0,-100.0,-100.0,-100.0,-100.0,-100.0,-100.0,-100.0,-100.0,-100.0,-100.0,-100.0,-100.0,-100.0,-100.0,-100.0,-100.0,-100.0,-100.0,-100.0,-100.0,-100.0,-100.0,-100.0,-100.0,-100.0,-100.0,-100.0,-100.0,CEP102
-100.0,-100.0,-100.0,-100.0,-100.0,-100.0,-85.0,-85.0,-83.0,-84.0,-100.0,-100.0,-100.0,-100.0,-100.0,-100.0,-100.0,-100.0,-100.0,-100.0,-100.0,-100.0,-90.0,-100.0,-100.0,-100.0,-100.0,-100.0,-100.0,-60.0,-60.0,-61.0,-61.0,-87.0,-89.0,-100.0,-100.0,-100.0,-100.0,-100.0,-100.0,-100.0,-100.0,-100.0,-100.0,-100.0,-100.0,-100.0,-100.0,-100.0,-100.0,-100.0,-100.0,-100.0,-100.0,-100.0,-100.0,-100.0,-100.0,-100.0,-100.0,-100.0,-100.0,-100.0,-100.0,-100.0,-100.0,-100.0,-100.0,-100.0,-100.0,CEP102
-100.0,-100.0,-100.0,-100.0,-100.0,-100.0,-83.0,-82.0,-83.0,-81.0,-100.0,-100.0,-100.0,-100.0,-100.0,-100.0,-100.0,-100.0,-100.0,-100.0,-100.0,-100.0,-90.0,-100.0,-100.0,-100.0,-100.0,-100.0,-100.0,-54.0,-52.0,-52.0,-52.0,-100.0,-100.0,-100.0,-100.0,-100.0,-100.0,-100.0,-100.0,-100.0,-100.0,-100.0,-100.0,-100.0,-100.0,-100.0,-100.0,-100.0,-100.0,-100.0,-100.0,-100.0,-100.0,-100.0,-100.0,-100.0,-100.0,-100.0,-100.0,-100.0,-100.0,-100.0,-100.0,-100.0,-100.0,-100.0,-100.0,-100.0,-100.0,CEP102
-100.0,-100.0,-100.0,-100.0,-100.0,-100.0,-77.0,-77.0,-77.0,-77.0,-100.0,-100.0,-100.0,-100.0,-100.0,-100.0,-100.0,-100.0,-100.0,-82.0,-100.0,-100.0,-100.0,-100.0,-100.0,-100.0,-100.0,-100.0,-100.0,-54.0,-54.0,-54.0,-54.0,-100.0,-100.0,-89.0,-100.0,-89.0,-89.0,-100.0,-100.0,-100.0,-100.0,-100.0,-100.0,-100.0,-100.0,-89.0,-100.0,-100.0,-100.0,-100.0,-100.0,-100.0,-100.0,-100.0,-100.0,-100.0,-100.0,-100.0,-100.0,-100.0,-100.0,-100.0,-100.0,-100.0,-100.0,-100.0,-100.0,-100.0,-100.0,CEP102
-100.0,-100.0,-100.0,-100.0,-100.0,-100.0,-67.0,-67.0,-100.0,-100.0,-100.0,-100.0,-100.0,-100.0,-100.0,-100.0,-100.0,-100.0,-100.0,-82.0,-100.0,-100.0,-100.0,-100.0,-100.0,-100.0,-100.0,-100.0,-100.0,-51.0,-52.0,-53.0,-54.0,-100.0,-100.0,-83.0,-82.0,-82.0,-82.0,-100.0,-100.0,-100.0,-100.0,-100.0,-100.0,-100.0,-100.0,-100.0,-100.0,-100.0,-100.0,-100.0,-100.0,-100.0,-100.0,-86.0,-100.0,-100.0,-100.0,-100.0,-100.0,-100.0,-100.0,-100.0,-100.0,-90.0,-100.0,-100.0,-100.0,-100.0,-100.0,CEP102
-100.0,-100.0,-100.0,-100.0,-100.0,-100.0,-100.0,-100.0,-76.0,-76.0,-100.0,-100.0,-100.0,-100.0,-100.0,-100.0,-100.0,-100.0,-100.0,-89.0,-100.0,-100.0,-100.0,-100.0,-100.0,-100.0,-100.0,-100.0,-100.0,-53.0,-53.0,-53.0,-53.0,-100.0,-86.0,-100.0,-100.0,-100.0,-100.0,-100.0,-100.0,-100.0,-100.0,-100.0,-100.0,-100.0,-100.0,-100.0,-100.0,-100.0,-100.0,-90.0,-100.0,-100.0,-100.0,-100.0,-100.0,-100.0,-100.0,-100.0,-100.0,-100.0,-100.0,-100.0,-100.0,-86.0,-100.0,-100.0,-100.0,-100.0,-100.0,CEP102
-100.0,-100.0,-100.0,-100.0,-100.0,-100.0,-67.0,-64.0,-100.0,-63.0,-100.0,-100.0,-100.0,-100.0,-100.0,-100.0,-100.0,-100.0,-100.0,-88.0,-100.0,-100.0,-100.0,-100.0,-100.0,-100.0,-100.0,-100.0,-100.0,-50.0,-50.0,-50.0,-50.0,-88.0,-100.0,-83.0,-83.0,-83.0,-82.0,-100.0,-82.0,-100.0,-100.0,-100.0,-100.0,-100.0,-100.0,-88.0,-100.0,-100.0,-84.0,-85.0,-100.0,-100.0,-100.0,-100.0,-100.0,-83.0,-100.0,-100.0,-100.0,-100.0,-100.0,-100.0,-100.0,-81.0,-100.0,-100.0,-100.0,-80.0,-100.0,CEP102
-100.0,-100.0,-100.0,-100.0,-100.0,-100.0,-70.0,-71.0,-70.0,-70.0,-100.0,-100.0,-100.0,-100.0,-100.0,-100.0,-100.0,-100.0,-100.0,-100.0,-100.0,-100.0,-100.0,-100.0,-100.0,-100.0,-100.0,-100.0,-100.0,-58.0,-58.0,-58.0,-58.0,-100.0,-100.0,-86.0,-100.0,-86.0,-86.0,-100.0,-100.0,-100.0,-100.0,-90.0,-100.0,-100.0,-100.0,-100.0,-81.0,-100.0,-100.0,-82.0,-100.0,-82.0,-83.0,-100.0,-100.0,-100.0,-100.0,-100.0,-100.0,-100.0,-100.0,-100.0,-100.0,-100.0,-100.0,-100.0,-100.0,-86.0,-100.0,CEP102
-100.0,-100.0,-100.0,-100.0,-100.0,-100.0,-84.0,-85.0,-85.0,-84.0,-100.0,-100.0,-100.0,-100.0,-100.0,-100.0,-100.0,-100.0,-100.0,-89.0,-100.0,-100.0,-100.0,-100.0,-100.0,-100.0,-100.0,-100.0,-100.0,-50.0,-49.0,-49.0,-49.0,-88.0,-100.0,-100.0,-100.0,-100.0,-100.0,-100.0,-100.0,-100.0,-100.0,-100.0,-100.0,-100.0,-100.0,-100.0,-100.0,-86.0,-86.0,-100.0,-100.0,-100.0,-100.0,-100.0,-100.0,-100.0,-100.0,-100.0,-100.0,-100.0,-100.0,-100.0,-100.0,-100.0,-100.0,-100.0,-100.0,-100.0,-100.0,CEP102
-100.0,-100.0,-100.0,-100.0,-100.0,-100.0,-65.0,-65.0,-65.0,-64.0,-100.0,-100.0,-100.0,-100.0,-100.0,-100.0,-100.0,-100.0,-87.0,-75.0,-100.0,-100.0,-100.0,-100.0,-100.0,-100.0,-100.0,-100.0,-100.0,-60.0,-60.0,-60.0,-60.0,-100.0,-100.0,-83.0,-83.0,-84.0,-82.0,-100.0,-90.0,-100.0,-100.0,-100.0,-100.0,-100.0,-100.0,-100.0,-89.0,-100.0,-100.0,-100.0,-100.0,-100.0,-100.0,-100.0,-100.0,-100.0,-100.0,-100.0,-100.0,-100.0,-100.0,-100.0,-100.0,-90.0,-100.0,-100.0,-100.0,-100.0,-100.0,CEP102
-100.0,-100.0,-100.0,-100.0,-100.0,-100.0,-65.0,-65.0,-64.0,-64.0,-100.0,-100.0,-100.0,-100.0,-100.0,-100.0,-100.0,-100.0,-100.0,-82.0,-100.0,-100.0,-100.0,-100.0,-100.0,-100.0,-100.0,-100.0,-100.0,-64.0,-64.0,-63.0,-64.0,-100.0,-100.0,-100.0,-100.0,-100.0,-100.0,-100.0,-88.0,-100.0,-100.0,-87.0,-100.0,-100.0,-100.0,-100.0,-100.0,-100.0,-100.0,-100.0,-85.0,-100.0,-100.0,-100.0,-100.0,-100.0,-100.0,-100.0,-100.0,-100.0,-100.0,-100.0,-100.0,-100.0,-100.0,-100.0,-100.0,-100.0,-100.0,CEP102
-100.0,-100.0,-100.0,-100.0,-100.0,-100.0,-71.0,-71.0,-71.0,-70.0,-100.0,-100.0,-100.0,-100.0,-100.0,-100.0,-100.0,-100.0,-100.0,-81.0,-100.0,-100.0,-100.0,-100.0,-100.0,-100.0,-100.0,-100.0,-100.0,-60.0,-60.0,-60.0,-60.0,-100.0,-89.0,-100.0,-100.0,-100.0,-100.0,-100.0,-100.0,-100.0,-100.0,-100.0,-100.0,-100.0,-100.0,-100.0,-100.0,-100.0,-100.0,-100.0,-100.0,-100.0,-100.0,-100.0,-100.0,-100.0,-100.0,-100.0,-100.0,-100.0,-100.0,-100.0,-100.0,-100.0,-100.0,-100.0,-100.0,-100.0,-100.0,CEP102
-100.0,-100.0,-100.0,-100.0,-100.0,-100.0,-76.0,-77.0,-77.0,-77.0,-100.0,-100.0,-100.0,-100.0,-100.0,-100.0,-100.0,-100.0,-100.0,-87.0,-100.0,-100.0,-100.0,-100.0,-100.0,-100.0,-100.0,-100.0,-100.0,-52.0,-52.0,-52.0,-52.0,-100.0,-100.0,-100.0,-100.0,-100.0,-100.0,-100.0,-100.0,-100.0,-100.0,-100.0,-100.0,-100.0,-100.0,-100.0,-100.0,-100.0,-100.0,-80.0,-100.0,-100.0,-100.0,-100.0,-100.0,-100.0,-100.0,-100.0,-100.0,-100.0,-100.0,-100.0,-100.0,-100.0,-100.0,-100.0,-100.0,-100.0,-100.0,CEP102
-100.0,-100.0,-100.0,-100.0,-100.0,-100.0,-78.0,-77.0,-78.0,-77.0,-100.0,-100.0,-100.0,-100.0,-100.0,-100.0,-100.0,-100.0,-100.0,-90.0,-100.0,-100.0,-100.0,-100.0,-100.0,-100.0,-100.0,-100.0,-100.0,-52.0,-52.0,-52.0,-52.0,-100.0,-77.0,-100.0,-100.0,-100.0,-100.0,-100.0,-100.0,-100.0,-100.0,-100.0,-100.0,-100.0,-100.0,-100.0,-73.0,-100.0,-100.0,-73.0,-100.0,-100.0,-100.0,-100.0,-100.0,-100.0,-100.0,-100.0,-100.0,-100.0,-100.0,-100.0,-100.0,-100.0,-100.0,-100.0,-100.0,-90.0,-100.0,CEP102
-100.0,-100.0,-100.0,-100.0,-100.0,-100.0,-78.0,-79.0,-100.0,-79.0,-100.0,-100.0,-100.0,-100.0,-100.0,-100.0,-100.0,-100.0,-100.0,-100.0,-100.0,-100.0,-100.0,-100.0,-100.0,-100.0,-100.0,-100.0,-100.0,-56.0,-54.0,-56.0,-54.0,-83.0,-76.0,-100.0,-100.0,-100.0,-100.0,-100.0,-100.0,-100.0,-100.0,-100.0,-100.0,-100.0,-100.0,-100.0,-100.0,-100.0,-100.0,-82.0,-100.0,-100.0,-100.0,-100.0,-100.0,-100.0,-100.0,-100.0,-100.0,-85.0,-86.0,-85.0,-85.0,-100.0,-100.0,-100.0,-100.0,-87.0,-100.0,CEP102
-100.0,-100.0,-100.0,-100.0,-100.0,-100.0,-82.0,-83.0,-83.0,-82.0,-100.0,-100.0,-100.0,-100.0,-100.0,-100.0,-100.0,-100.0,-100.0,-100.0,-100.0,-100.0,-100.0,-100.0,-100.0,-100.0,-100.0,-100.0,-100.0,-50.0,-51.0,-52.0,-50.0,-89.0,-88.0,-100.0,-100.0,-100.0,-100.0,-100.0,-100.0,-100.0,-100.0,-100.0,-100.0,-100.0,-100.0,-100.0,-82.0,-82.0,-100.0,-100.0,-100.0,-100.0,-100.0,-100.0,-100.0,-100.0,-100.0,-100.0,-100.0,-100.0,-100.0,-100.0,-90.0,-100.0,-100.0,-100.0,-100.0,-100.0,-100.0,CEP102
-100.0,-100.0,-100.0,-100.0,-100.0,-100.0,-100.0,-100.0,-100.0,-100.0,-100.0,-100.0,-100.0,-100.0,-100.0,-100.0,-100.0,-100.0,-100.0,-90.0,-100.0,-100.0,-100.0,-100.0,-100.0,-100.0,-100.0,-100.0,-100.0,-57.0,-57.0,-57.0,-58.0,-85.0,-100.0,-100.0,-100.0,-100.0,-100.0,-100.0,-100.0,-100.0,-100.0,-100.0,-100.0,-100.0,-100.0,-100.0,-100.0,-100.0,-81.0,-81.0,-100.0,-100.0,-100.0,-100.0,-100.0,-100.0,-100.0,-100.0,-100.0,-89.0,-87.0,-100.0,-89.0,-100.0,-100.0,-100.0,-100.0,-100.0,-100.0,CEP102
-100.0,-100.0,-100.0,-100.0,-100.0,-100.0,-79.0,-79.0,-100.0,-79.0,-100.0,-100.0,-100.0,-100.0,-100.0,-100.0,-100.0,-100.0,-100.0,-90.0,-100.0,-100.0,-100.0,-100.0,-100.0,-100.0,-100.0,-100.0,-100.0,-56.0,-56.0,-57.0,-57.0,-100.0,-82.0,-100.0,-100.0,-100.0,-100.0,-100.0,-100.0,-100.0,-100.0,-100.0,-100.0,-100.0,-100.0,-100.0,-72.0,-72.0,-72.0,-71.0,-100.0,-100.0,-100.0,-100.0,-100.0,-100.0,-100.0,-100.0,-100.0,-100.0,-100.0,-100.0,-90.0,-100.0,-100.0,-100.0,-100.0,-100.0,-100.0,CEP102
-100.0,-100.0,-100.0,-100.0,-100.0,-100.0,-72.0,-72.0,-72.0,-71.0,-100.0,-100.0,-100.0,-100.0,-100.0,-100.0,-100.0,-100.0,-100.0,-88.0,-100.0,-100.0,-100.0,-100.0,-100.0,-100.0,-100.0,-100.0,-100.0,-49.0,-50.0,-50.0,-50.0,-86.0,-83.0,-100.0,-100.0,-100.0,-100.0,-100.0,-100.0,-100.0,-100.0,-87.0,-100.0,-100.0,-100.0,-100.0,-100.0,-100.0,-100.0,-100.0,-100.0,-100.0,-100.0,-100.0,-100.0,-100.0,-100.0,-100.0,-100.0,-100.0,-100.0,-100.0,-100.0,-100.0,-100.0,-100.0,-100.0,-100.0,-100.0,CEP102
-100.0,-100.0,-100.0,-100.0,-100.0,-100.0,-78.0,-100.0,-79.0,-78.0,-100.0,-100.0,-100.0,-100.0,-100.0,-100.0,-100.0,-100.0,-100.0,-100.0,-100.0,-100.0,-100.0,-100.0,-100.0,-100.0,-100.0,-100.0,-100.0,-50.0,-49.0,-49.0,-49.0,-86.0,-70.0,-100.0,-100.0,-100.0,-100.0,-100.0,-100.0,-100.0,-100.0,-100.0,-100.0,-100.0,-100.0,-100.0,-81.0,-100.0,-100.0,-82.0,-100.0,-100.0,-100.0,-100.0,-100.0,-100.0,-100.0,-100.0,-100.0,-89.0,-100.0,-100.0,-90.0,-100.0,-100.0,-100.0,-100.0,-100.0,-100.0,CEP102
-100.0,-100.0,-100.0,-100.0,-100.0,-100.0,-100.0,-80.0,-100.0,-81.0,-100.0,-100.0,-100.0,-100.0,-100.0,-100.0,-100.0,-100.0,-100.0,-82.0,-100.0,-100.0,-100.0,-100.0,-100.0,-100.0,-100.0,-100.0,-100.0,-45.0,-44.0,-44.0,-45.0,-80.0,-100.0,-100.0,-100.0,-100.0,-100.0,-100.0,-100.0,-100.0,-100.0,-100.0,-100.0,-100.0,-100.0,-100.0,-80.0,-80.0,-81.0,-81.0,-100.0,-100.0,-100.0,-100.0,-100.0,-100.0,-100.0,-100.0,-100.0,-100.0,-100.0,-100.0,-100.0,-100.0,-100.0,-100.0,-100.0,-100.0,-100.0,CEP102
-100.0,-100.0,-100.0,-100.0,-100.0,-100.0,-73.0,-73.0,-73.0,-72.0,-100.0,-100.0,-100.0,-100.0,-100.0,-100.0,-100.0,-100.0,-100.0,-90.0,-100.0,-100.0,-100.0,-100.0,-100.0,-100.0,-100.0,-100.0,-100.0,-43.0,-43.0,-43.0,-43.0,-85.0,-72.0,-100.0,-100.0,-100.0,-100.0,-100.0,-100.0,-100.0,-100.0,-100.0,-100.0,-100.0,-100.0,-100.0,-88.0,-87.0,-88.0,-87.0,-100.0,-100.0,-100.0,-100.0,-100.0,-100.0,-100.0,-100.0,-100.0,-100.0,-100.0,-100.0,-100.0,-100.0,-100.0,-100.0,-100.0,-100.0,-100.0,CEP102
-100.0,-100.0,-100.0,-100.0,-100.0,-100.0,-76.0,-76.0,-76.0,-75.0,-100.0,-100.0,-100.0,-100.0,-100.0,-100.0,-100.0,-100.0,-100.0,-100.0,-100.0,-100.0,-100.0,-100.0,-100.0,-100.0,-100.0,-100.0,-100.0,-43.0,-43.0,-43.0,-44.0,-100.0,-100.0,-100.0,-100.0,-100.0,-100.0,-100.0,-100.0,-100.0,-100.0,-100.0,-100.0,-100.0,-100.0,-100.0,-100.0,-100.0,-100.0,-90.0,-100.0,-100.0,-100.0,-100.0,-100.0,-100.0,-100.0,-100.0,-100.0,-100.0,-100.0,-100.0,-100.0,-100.0,-100.0,-100.0,-100.0,-100.0,-100.0,CEP102
-100.0,-100.0,-100.0,-100.0,-100.0,-100.0,-80.0,-81.0,-81.0,-80.0,-100.0,-100.0,-100.0,-100.0,-100.0,-100.0,-100.0,-100.0,-100.0,-90.0,-100.0,-100.0,-100.0,-100.0,-100.0,-100.0,-100.0,-100.0,-100.0,-42.0,-42.0,-42.0,-42.0,-85.0,-77.0,-100.0,-100.0,-100.0,-100.0,-100.0,-100.0,-100.0,-100.0,-100.0,-100.0,-100.0,-100.0,-100.0,-100.0,-100.0,-100.0,-100.0,-100.0,-100.0,-100.0,-100.0,-100.0,-100.0,-100.0,-100.0,-100.0,-100.0,-100.0,-100.0,-100.0,-100.0,-100.0,-100.0,-100.0,-100.0,-100.0,CEP102
-100.0,-100.0,-100.0,-100.0,-100.0,-100.0,-75.0,-75.0,-75.0,-74.0,-100.0,-100.0,-100.0,-100.0,-100.0,-100.0,-100.0,-100.0,-100.0,-86.0,-100.0,-100.0,-100.0,-100.0,-100.0,-100.0,-100.0,-100.0,-100.0,-35.0,-35.0,-35.0,-35.0,-81.0,-72.0,-100.0,-100.0,-100.0,-100.0,-100.0,-100.0,-100.0,-100.0,-100.0,-100.0,-100.0,-100.0,-100.0,-100.0,-100.0,-100.0,-100.0,-100.0,-100.0,-100.0,-100.0,-100.0,-100.0,-100.0,-100.0,-100.0,-100.0,-100.0,-100.0,-100.0,-100.0,-100.0,-100.0,-100.0,-100.0,-100.0,CEP102
-100.0,-100.0,-100.0,-100.0,-100.0,-100.0,-83.0,-82.0,-82.0,-82.0,-100.0,-100.0,-100.0,-100.0,-100.0,-100.0,-100.0,-100.0,-100.0,-87.0,-100.0,-100.0,-100.0,-100.0,-100.0,-100.0,-100.0,-100.0,-100.0,-41.0,-42.0,-41.0,-42.0,-80.0,-76.0,-100.0,-100.0,-100.0,-100.0,-100.0,-100.0,-100.0,-100.0,-78.0,-100.0,-100.0,-100.0,-100.0,-86.0,-87.0,-100.0,-89.0,-100.0,-100.0,-100.0,-100.0,-100.0,-100.0,-100.0,-100.0,-100.0,-100.0,-100.0,-100.0,-100.0,-100.0,-100.0,-100.0,-100.0,-100.0,-100.0,CEP102
-100.0,-100.0,-100.0,-100.0,-100.0,-100.0,-76.0,-77.0,-76.0,-76.0,-100.0,-100.0,-100.0,-100.0,-100.0,-100.0,-100.0,-100.0,-100.0,-100.0,-100.0,-100.0,-100.0,-100.0,-100.0,-100.0,-100.0,-100.0,-100.0,-49.0,-49.0,-49.0,-49.0,-80.0,-100.0,-100.0,-100.0,-100.0,-100.0,-100.0,-100.0,-100.0,-100.0,-82.0,-100.0,-100.0,-100.0,-100.0,-79.0,-100.0,-78.0,-79.0,-100.0,-100.0,-100.0,-100.0,-100.0,-100.0,-100.0,-100.0,-100.0,-100.0,-100.0,-100.0,-100.0,-100.0,-100.0,-100.0,-100.0,-100.0,-100.0,CEP102
-100.0,-100.0,-100.0,-100.0,-100.0,-100.0,-72.0,-73.0,-72.0,-70.0,-100.0,-100.0,-100.0,-100.0,-100.0,-100.0,-100.0,-100.0,-100.0,-89.0,-100.0,-100.0,-100.0,-100.0,-100.0,-100.0,-100.0,-100.0,-100.0,-57.0,-57.0,-57.0,-57.0,-100.0,-83.0,-100.0,-100.0,-100.0,-100.0,-100.0,-100.0,-100.0,-100.0,-81.0,-100.0,-100.0,-100.0,-100.0,-78.0,-78.0,-79.0,-79.0,-100.0,-100.0,-100.0,-100.0,-100.0,-100.0,-100.0,-100.0,-100.0,-100.0,-100.0,-100.0,-100.0,-100.0,-100.0,-100.0,-100.0,-100.0,-100.0,CEP102
-100.0,-100.0,-100.0,-100.0,-100.0,-100.0,-69.0,-69.0,-69.0,-100.0,-100.0,-100.0,-100.0,-100.0,-100.0,-100.0,-100.0,-100.0,-100.0,-85.0,-100.0,-100.0,-100.0,-100.0,-100.0,-100.0,-100.0,-100.0,-100.0,-51.0,-51.0,-51.0,-51.0,-100.0,-100.0,-100.0,-100.0,-100.0,-100.0,-100.0,-100.0,-100.0,-100.0,-100.0,-100.0,-100.0,-100.0,-100.0,-100.0,-100.0,-100.0,-100.0,-100.0,-100.0,-100.0,-100.0,-100.0,-100.0,-100.0,-100.0,-100.0,-100.0,-100.0,-100.0,-100.0,-100.0,-100.0,-100.0,-100.0,-100.0,-100.0,CEP102
-100.0,-100.0,-100.0,-100.0,-100.0,-100.0,-100.0,-100.0,-100.0,-100.0,-100.0,-100.0,-100.0,-100.0,-100.0,-100.0,-100.0,-100.0,-100.0,-82.0,-100.0,-100.0,-100.0,-100.0,-100.0,-100.0,-100.0,-100.0,-100.0,-48.0,-48.0,-49.0,-49.0,-88.0,-100.0,-88.0,-100.0,-100.0,-89.0,-100.0,-100.0,-100.0,-100.0,-100.0,-100.0,-100.0,-100.0,-100.0,-85.0,-83.0,-84.0,-85.0,-100.0,-100.0,-100.0,-100.0,-100.0,-100.0,-100.0,-100.0,-100.0,-100.0,-100.0,-100.0,-100.0,-100.0,-100.0,-100.0,-100.0,-100.0,-100.0,CEP102
-100.0,-100.0,-100.0,-100.0,-100.0,-100.0,-78.0,-78.0,-78.0,-77.0,-100.0,-100.0,-100.0,-100.0,-100.0,-100.0,-100.0,-100.0,-100.0,-100.0,-100.0,-100.0,-100.0,-100.0,-100.0,-100.0,-100.0,-100.0,-100.0,-46.0,-46.0,-46.0,-46.0,-83.0,-100.0,-100.0,-100.0,-100.0,-100.0,-100.0,-100.0,-100.0,-100.0,-100.0,-100.0,-100.0,-100.0,-100.0,-100.0,-100.0,-100.0,-100.0,-100.0,-100.0,-100.0,-100.0,-100.0,-100.0,-100.0,-100.0,-100.0,-100.0,-100.0,-100.0,-100.0,-100.0,-100.0,-100.0,-100.0,-100.0,-100.0,CEP102
-100.0,-100.0,-100.0,-100.0,-100.0,-100.0,-71.0,-71.0,-72.0,-100.0,-100.0,-100.0,-100.0,-100.0,-100.0,-100.0,-100.0,-100.0,-100.0,-79.0,-100.0,-100.0,-100.0,-100.0,-100.0,-100.0,-100.0,-100.0,-100.0,-50.0,-50.0,-50.0,-49.0,-87.0,-100.0,-87.0,-88.0,-88.0,-88.0,-100.0,-100.0,-100.0,-100.0,-85.0,-100.0,-100.0,-100.0,-100.0,-82.0,-81.0,-100.0,-100.0,-100.0,-100.0,-100.0,-100.0,-100.0,-100.0,-100.0,-100.0,-100.0,-100.0,-100.0,-100.0,-100.0,-100.0,-100.0,-100.0,-100.0,-100.0,-100.0,CEP102
-100.0,-100.0,-100.0,-100.0,-100.0,-100.0,-72.0,-72.0,-72.0,-71.0,-100.0,-100.0,-100.0,-100.0,-100.0,-100.0,-100.0,-100.0,-100.0,-90.0,-100.0,-100.0,-100.0,-100.0,-100.0,-100.0,-100.0,-100.0,-100.0,-54.0,-52.0,-53.0,-55.0,-87.0,-100.0,-100.0,-100.0,-100.0,-100.0,-100.0,-100.0,-100.0,-100.0,-100.0,-100.0,-100.0,-100.0,-90.0,-84.0,-84.0,-88.0,-100.0,-100.0,-100.0,-100.0,-100.0,-100.0,-100.0,-100.0,-100.0,-100.0,-100.0,-100.0,-100.0,-100.0,-85.0,-100.0,-100.0,-100.0,-100.0,-100.0,CEP102
-100.0,-100.0,-100.0,-100.0,-100.0,-100.0,-79.0,-79.0,-79.0,-78.0,-100.0,-100.0,-100.0,-100.0,-100.0,-100.0,-100.0,-100.0,-100.0,-85.0,-100.0,-100.0,-100.0,-100.0,-100.0,-100.0,-100.0,-100.0,-100.0,-48.0,-48.0,-48.0,-48.0,-89.0,-87.0,-89.0,-100.0,-89.0,-89.0,-100.0,-100.0,-100.0,-100.0,-100.0,-100.0,-100.0,-100.0,-100.0,-100.0,-100.0,-100.0,-100.0,-100.0,-100.0,-100.0,-100.0,-100.0,-100.0,-100.0,-100.0,-100.0,-100.0,-100.0,-100.0,-100.0,-100.0,-100.0,-100.0,-100.0,-100.0,-100.0,CEP102
-100.0,-100.0,-100.0,-100.0,-100.0,-100.0,-77.0,-78.0,-79.0,-78.0,-100.0,-100.0,-100.0,-100.0,-100.0,-100.0,-100.0,-100.0,-100.0,-84.0,-100.0,-100.0,-86.0,-100.0,-100.0,-100.0,-100.0,-100.0,-100.0,-58.0,-58.0,-58.0,-58.0,-100.0,-85.0,-100.0,-100.0,-100.0,-100.0,-100.0,-100.0,-100.0,-100.0,-100.0,-100.0,-100.0,-100.0,-100.0,-100.0,-100.0,-100.0,-100.0,-100.0,-100.0,-100.0,-100.0,-100.0,-100.0,-100.0,-100.0,-100.0,-100.0,-100.0,-100.0,-100.0,-100.0,-100.0,-100.0,-100.0,-100.0,-100.0,CEP102
-100.0,-100.0,-100.0,-100.0,-100.0,-100.0,-100.0,-100.0,-100.0,-79.0,-100.0,-100.0,-100.0,-100.0,-100.0,-100.0,-100.0,-100.0,-100.0,-100.0,-100.0,-100.0,-100.0,-100.0,-100.0,-100.0,-100.0,-100.0,-100.0,-38.0,-38.0,-38.0,-39.0,-83.0,-74.0,-100.0,-100.0,-100.0,-100.0,-100.0,-100.0,-100.0,-100.0,-100.0,-100.0,-100.0,-100.0,-100.0,-100.0,-100.0,-100.0,-100.0,-100.0,-100.0,-100.0,-100.0,-100.0,-100.0,-100.0,-100.0,-100.0,-100.0,-100.0,-100.0,-100.0,-100.0,-100.0,-100.0,-100.0,-100.0,-100.0,CEP102
-100.0,-100.0,-100.0,-100.0,-100.0,-100.0,-100.0,-100.0,-86.0,-85.0,-100.0,-100.0,-100.0,-100.0,-100.0,-100.0,-100.0,-100.0,-100.0,-100.0,-100.0,-100.0,-100.0,-100.0,-100.0,-100.0,-100.0,-100.0,-100.0,-42.0,-42.0,-42.0,-42.0,-84.0,-100.0,-100.0,-100.0,-100.0,-100.0,-100.0,-100.0,-100.0,-100.0,-100.0,-100.0,-100.0,-100.0,-100.0,-86.0,-100.0,-87.0,-87.0,-100.0,-100.0,-100.0,-100.0,-100.0,-100.0,-100.0,-100.0,-100.0,-100.0,-100.0,-100.0,-100.0,-100.0,-100.0,-100.0,-100.0,-100.0,-100.0,CEP102
-100.0,-100.0,-100.0,-100.0,-100.0,-100.0,-100.0,-100.0,-100.0,-82.0,-100.0,-100.0,-100.0,-100.0,-100.0,-100.0,-100.0,-100.0,-100.0,-100.0,-100.0,-100.0,-100.0,-100.0,-100.0,-100.0,-100.0,-100.0,-100.0,-42.0,-42.0,-43.0,-43.0,-85.0,-100.0,-100.0,-100.0,-100.0,-100.0,-100.0,-100.0,-100.0,-100.0,-100.0,-100.0,-100.0,-100.0,-100.0,-100.0,-100.0,-100.0,-100.0,-100.0,-100.0,-100.0,-100.0,-100.0,-100.0,-100.0,-100.0,-100.0,-100.0,-100.0,-100.0,-100.0,-100.0,-100.0,-100.0,-100.0,-100.0,-100.0,CEP102
-100.0,-100.0,-100.0,-100.0,-100.0,-100.0,-100.0,-100.0,-83.0,-100.0,-100.0,-100.0,-100.0,-100.0,-100.0,-100.0,-100.0,-100.0,-100.0,-100.0,-100.0,-100.0,-100.0,-100.0,-100.0,-100.0,-100.0,-100.0,-100.0,-39.0,-39.0,-39.0,-39.0,-100.0,-100.0,-100.0,-100.0,-100.0,-100.0,-100.0,-100.0,-100.0,-100.0,-100.0,-100.0,-100.0,-100.0,-100.0,-100.0,-100.0,-100.0,-100.0,-100.0,-100.0,-100.0,-100.0,-100.0,-100.0,-100.0,-100.0,-100.0,-100.0,-100.0,-100.0,-100.0,-100.0,-100.0,-100.0,-100.0,-100.0,-100.0,CEP102
-100.0,-100.0,-100.0,-100.0,-100.0,-100.0,-100.0,-100.0,-100.0,-78.0,-100.0,-100.0,-100.0,-100.0,-100.0,-100.0,-100.0,-100.0,-100.0,-100.0,-100.0,-100.0,-100.0,-100.0,-100.0,-100.0,-100.0,-100.0,-100.0,-47.0,-47.0,-47.0,-47.0,-100.0,-78.0,-100.0,-100.0,-100.0,-100.0,-100.0,-100.0,-100.0,-100.0,-100.0,-100.0,-100.0,-100.0,-100.0,-100.0,-100.0,-100.0,-100.0,-100.0,-100.0,-100.0,-100.0,-100.0,-100.0,-100.0,-100.0,-100.0,-100.0,-100.0,-100.0,-100.0,-100.0,-100.0,-100.0,-100.0,-100.0,-100.0,CEP102
-100.0,-100.0,-100.0,-100.0,-100.0,-100.0,-65.0,-77.0,-65.0,-64.0,-100.0,-90.0,-85.0,-88.0,-100.0,-100.0,-100.0,-100.0,-100.0,-100.0,-100.0,-100.0,-100.0,-100.0,-100.0,-100.0,-100.0,-100.0,-100.0,-86.0,-100.0,-85.0,-85.0,-100.0,-100.0,-100.0,-100.0,-100.0,-100.0,-100.0,-100.0,-100.0,-100.0,-100.0,-100.0,-100.0,-100.0,-100.0,-100.0,-100.0,-100.0,-100.0,-100.0,-100.0,-100.0,-80.0,-80.0,-80.0,-80.0,-100.0,-100.0,-100.0,-100.0,-100.0,-90.0,-100.0,-100.0,-100.0,-100.0,-100.0,-100.0,CEP104
-100.0,-100.0,-100.0,-100.0,-100.0,-100.0,-67.0,-67.0,-67.0,-66.0,-100.0,-100.0,-100.0,-100.0,-100.0,-100.0,-100.0,-100.0,-100.0,-100.0,-100.0,-100.0,-100.0,-100.0,-100.0,-100.0,-100.0,-100.0,-100.0,-88.0,-100.0,-86.0,-87.0,-100.0,-100.0,-100.0,-100.0,-100.0,-100.0,-100.0,-100.0,-100.0,-100.0,-100.0,-100.0,-100.0,-100.0,-100.0,-100.0,-100.0,-100.0,-100.0,-100.0,-100.0,-100.0,-100.0,-100.0,-100.0,-100.0,-100.0,-100.0,-100.0,-100.0,-100.0,-100.0,-89.0,-100.0,-100.0,-100.0,-100.0,-100.0,CEP104
-100.0,-100.0,-86.0,-100.0,-100.0,-100.0,-40.0,-40.0,-40.0,-39.0,-100.0,-90.0,-100.0,-100.0,-100.0,-100.0,-100.0,-100.0,-100.0,-100.0,-100.0,-90.0,-100.0,-100.0,-100.0,-100.0,-100.0,-100.0,-100.0,-88.0,-85.0,-87.0,-85.0,-100.0,-100.0,-100.0,-100.0,-100.0,-100.0,-100.0,-100.0,-100.0,-100.0,-100.0,-100.0,-100.0,-100.0,-100.0,-100.0,-100.0,-100.0,-100.0,-100.0,-100.0,-100.0,-73.0,-73.0,-74.0,-73.0,-100.0,-100.0,-100.0,-100.0,-100.0,-100.0,-100.0,-100.0,-100.0,-100.0,-100.0,-100.0,CEP104
-100.0,-100.0,-90.0,-100.0,-100.0,-100.0,-59.0,-59.0,-59.0,-58.0,-100.0,-83.0,-88.0,-100.0,-100.0,-100.0,-100.0,-100.0,-100.0,-100.0,-100.0,-90.0,-100.0,-100.0,-100.0,-100.0,-100.0,-100.0,-100.0,-77.0,-76.0,-77.0,-77.0,-100.0,-100.0,-100.0,-100.0,-100.0,-100.0,-100.0,-100.0,-100.0,-100.0,-100.0,-100.0,-100.0,-100.0,-100.0,-100.0,-100.0,-100.0,-100.0,-100.0,-100.0,-100.0,-100.0,-100.0,-100.0,-89.0,-100.0,-100.0,-100.0,-100.0,-90.0,-100.0,-90.0,-100.0,-100.0,-100.0,-100.0,-100.0,CEP104
-100.0,-100.0,-100.0,-100.0,-100.0,-100.0,-56.0,-56.0,-56.0,-55.0,-100.0,-81.0,-89.0,-100.0,-100.0,-100.0,-100.0,-100.0,-100.0,-100.0,-100.0,-82.0,-100.0,-100.0,-100.0,-100.0,-100.0,-100.0,-100.0,-100.0,-84.0,-100.0,-83.0,-100.0,-100.0,-100.0,-100.0,-100.0,-100.0,-100.0,-100.0,-100.0,-100.0,-100.0,-100.0,-100.0,-100.0,-100.0,-100.0,-100.0,-100.0,-100.0,-100.0,-100.0,-100.0,-100.0,-100.0,-100.0,-100.0,-100.0,-100.0,-100.0,-100.0,-100.0,-100.0,-100.0,-100.0,-100.0,-100.0,-100.0,-100.0,CEP104
-100.0,-100.0,-100.0,-100.0,-100.0,-100.0,-60.0,-60.0,-60.0,-60.0,-100.0,-100.0,-90.0,-100.0,-100.0,-100.0,-100.0,-100.0,-90.0,-100.0,-100.0,-100.0,-100.0,-100.0,-100.0,-100.0,-100.0,-100.0,-100.0,-83.0,-82.0,-82.0,-81.0,-100.0,-100.0,-100.0,-100.0,-100.0,-100.0,-100.0,-100.0,-100.0,-100.0,-100.0,-100.0,-100.0,-100.0,-100.0,-100.0,-100.0,-100.0,-100.0,-100.0,-100.0,-100.0,-100.0,-100.0,-100.0,-100.0,-100.0,-100.0,-100.0,-100.0,-100.0,-100.0,-88.0,-100.0,-100.0,-100.0,-100.0,-100.0,CEP104
-100.0,-100.0,-88.0,-100.0,-100.0,-100.0,-63.0,-63.0,-61.0,-62.0,-100.0,-81.0,-83.0,-85.0,-100.0,-100.0,-100.0,-100.0,-100.0,-100.0,-100.0,-84.0,-100.0,-100.0,-100.0,-100.0,-100.0,-100.0,-100.0,-79.0,-79.0,-100.0,-79.0,-100.0,-100.0,-100.0,-100.0,-100.0,-100.0,-100.0,-100.0,-100.0,-100.0,-100.0,-100.0,-100.0,-100.0,-100.0,-100.0,-100.0,-100.0,-100.0,-100.0,-100.0,-100.0,-83.0,-100.0,-84.0,-84.0,-100.0,-100.0,-100.0,-100.0,-100.0,-100.0,-100.0,-100.0,-100.0,-100.0,-100.0,-100.0,CEP104
-100.0,-100.0,-100.0,-100.0,-100.0,-100.0,-59.0,-59.0,-59.0,-58.0,-100.0,-71.0,-74.0,-80.0,-100.0,-100.0,-100.0,-100.0,-100.0,-87.0,-100.0,-76.0,-100.0,-100.0,-100.0,-100.0,-100.0,-100.0,-100.0,-69.0,-69.0,-69.0,-69.0,-100.0,-100.0,-100.0,-100.0,-100.0,-100.0,-100.0,-100.0,-100.0,-100.0,-100.0,-100.0,-100.0,-100.0,-100.0,-100.0,-100.0,-100.0,-100.0,-100.0,-100.0,-100.0,-100.0,-83.0,-83.0,-83.0,-100.0,-100.0,-89.0,-100.0,-100.0,-100.0,-100.0,-100.0,-100.0,-100.0,-100.0,-100.0,CEP104
-100.0,-100.0,-100.0,-100.0,-100.0,-100.0,-53.0,-55.0,-55.0,-54.0,-100.0,-74.0,-75.0,-83.0,-100.0,-100.0,-100.0,-100.0,-100.0,-100.0,-100.0,-80.0,-100.0,-100.0,-100.0,-100.0,-100.0,-100.0,-100.0,-71.0,-73.0,-71.0,-71.0,-100.0,-100.0,-100.0,-100.0,-100.0,-100.0,-100.0,-100.0,-100.0,-100.0,-100.0,-100.0,-100.0,-100.0,-100.0,-100.0,-100.0,-100.0,-100.0,-100.0,-100.0,-100.0,-100.0,-83.0,-100.0,-83.0,-100.0,-100.0,-88.0,-100.0,-89.0,-88.0,-90.0,-100.0,-100.0,-100.0,-100.0,-100.0,CEP104
-100.0,-100.0,-100.0,-100.0,-100.0,-100.0,-50.0,-50.0,-49.0,-48.0,-100.0,-73.0,-79.0,-100.0,-100.0,-100.0,-100.0,-100.0,-100.0,-88.0,-100.0,-81.0,-100.0,-100.0,-100.0,-100.0,-100.0,-100.0,-100.0,-77.0,-76.0,-77.0,-100.0,-100.0,-100.0,-100.0,-100.0,-100.0,-100.0,-100.0,-100.0,-100.0,-100.0,-100.0,-100.0,-100.0,-100.0,-100.0,-100.0,-100.0,-100.0,-100.0,-100.0,-100.0,-100.0,-79.0,-78.0,-79.0,-78.0,-100.0,-100.0,-100.0,-100.0,-100.0,-100.0,-85.0,-100.0,-100.0,-100.0,-100.0,-100.0,CEP104
-100.0,-100.0,-100.0,-100.0,-100.0,-100.0,-53.0,-53.0,-51.0,-50.0,-100.0,-85.0,-88.0,-86.0,-100.0,-100.0,-100.0,-100.0,-100.0,-100.0,-100.0,-100.0,-100.0,-100.0,-100.0,-100.0,-100.0,-100.0,-100.0,-100.0,-76.0,-76.0,-76.0,-100.0,-100.0,-100.0,-100.0,-100.0,-100.0,-100.0,-100.0,-100.0,-100.0,-100.0,-100.0,-100.0,-100.0,-100.0,-100.0,-100.0,-100.0,-100.0,-100.0,-100.0,-100.0,-100.0,-100.0,-100.0,-100.0,-100.0,-100.0,-100.0,-100.0,-90.0,-90.0,-89.0,-100.0,-100.0,-100.0,-100.0,-100.0,CEP104
-100.0,-100.0,-100.0,-90.0,-100.0,-100.0,-66.0,-66.0,-66.0,-65.0,-100.0,-100.0,-100.0,-100.0,-100.0,-100.0,-100.0,-100.0,-100.0,-100.0,-100.0,-90.0,-100.0,-100.0,-100.0,-100.0,-100.0,-100.0,-100.0,-84.0,-84.0,-84.0,-84.0,-100.0,-100.0,-100.0,-100.0,-100.0,-100.0,-100.0,-100.0,-100.0,-100.0,-100.0,-100.0,-100.0,-100.0,-100.0,-79.0,-79.0,-80.0,-80.0,-100.0,-100.0,-100.0,-90.0,-100.0,-100.0,-100.0,-100.0,-100.0,-100.0,-100.0,-100.0,-100.0,-100.0,-100.0,-100.0,-100.0,-100.0,-100.0,CEP104
-100.0,-100.0,-100.0,-100.0,-100.0,-100.0,-55.0,-54.0,-51.0,-52.0,-100.0,-86.0,-89.0,-86.0,-100.0,-100.0,-100.0,-100.0,-100.0,-88.0,-100.0,-89.0,-100.0,-100.0,-100.0,-100.0,-100.0,-100.0,-100.0,-100.0,-85.0,-85.0,-100.0,-100.0,-100.0,-100.0,-100.0,-100.0,-100.0,-100.0,-100.0,-100.0,-100.0,-100.0,-100.0,-100.0,-100.0,-100.0,-100.0,-100.0,-100.0,-100.0,-100.0,-100.0,-100.0,-86.0,-100.0,-100.0,-100.0,-100.0,-100.0,-100.0,-100.0,-100.0,-100.0,-84.0,-100.0,-100.0,-100.0,-100.0,-100.0,CEP104
-100.0,-100.0,-100.0,-100.0,-100.0,-100.0,-62.0,-62.0,-62.0,-62.0,-100.0,-100.0,-100.0,-90.0,-100.0,-100.0,-100.0,-100.0,-100.0,-100.0,-100.0,-100.0,-100.0,-100.0,-100.0,-100.0,-100.0,-100.0,-100.0,-85.0,-87.0,-86.0,-85.0,-100.0,-100.0,-100.0,-100.0,-100.0,-100.0,-75.0,-100.0,-100.0,-100.0,-100.0,-100.0,-100.0,-100.0,-100.0,-100.0,-100.0,-100.0,-100.0,-100.0,-100.0,-100.0,-88.0,-86.0,-87.0,-89.0,-100.0,-100.0,-100.0,-100.0,-100.0,-100.0,-100.0,-100.0,-100.0,-100.0,-100.0,-100.0,CEP104
-100.0,-100.0,-100.0,-100.0,-100.0,-100.0,-64.0,-64.0,-64.0,-63.0,-100.0,-83.0,-88.0,-86.0,-100.0,-100.0,-100.0,-100.0,-88.0,-90.0,-100.0,-86.0,-100.0,-100.0,-100.0,-100.0,-100.0,-100.0,-100.0,-87.0,-100.0,-88.0,-100.0,-100.0,-100.0,-100.0,-100.0,-100.0,-100.0,-100.0,-100.0,-100.0,-100.0,-100.0,-100.0,-100.0,-100.0,-100.0,-82.0,-82.0,-82.0,-83.0,-100.0,-100.0,-100.0,-100.0,-100.0,-100.0,-100.0,-100.0,-100.0,-100.0,-100.0,-100.0,-100.0,-90.0,-100.0,-100.0,-100.0,-100.0,-100.0,CEP104
-100.0,-100.0,-100.0,-100.0,-100.0,-100.0,-52.0,-54.0,-52.0,-51.0,-100.0,-100.0,-85.0,-85.0,-100.0,-100.0,-100.0,-100.0,-100.0,-100.0,-100.0,-88.0,-100.0,-100.0,-100.0,-100.0,-100.0,-100.0,-100.0,-100.0,-100.0,-100.0,-86.0,-100.0,-100.0,-100.0,-100.0,-100.0,-100.0,-100.0,-100.0,-100.0,-100.0,-100.0,-100.0,-100.0,-100.0,-100.0,-100.0,-100.0,-100.0,-100.0,-100.0,-100.0,-100.0,-100.0,-100.0,-100.0,-100.0,-100.0,-100.0,-100.0,-100.0,-100.0,-100.0,-100.0,-100.0,-100.0,-100.0,-100.0,-100.0,CEP104
-100.0,-100.0,-100.0,-100.0,-100.0,-100.0,-63.0,-63.0,-63.0,-62.0,-100.0,-80.0,-87.0,-100.0,-100.0,-100.0,-100.0,-100.0,-100.0,-100.0,-100.0,-90.0,-100.0,-100.0,-100.0,-100.0,-100.0,-100.0,-100.0,-100.0,-100.0,-100.0,-100.0,-100.0,-100.0,-100.0,-100.0,-100.0,-100.0,-100.0,-100.0,-100.0,-100.0,-100.0,-100.0,-100.0,-100.0,-100.0,-100.0,-100.0,-100.0,-87.0,-100.0,-100.0,-100.0,-100.0,-100.0,-100.0,-100.0,-100.0,-100.0,-100.0,-100.0,-100.0,-100.0,-90.0,-100.0,-100.0,-100.0,-100.0,-100.0,CEP104
-100.0,-100.0,-100.0,-100.0,-100.0,-100.0,-58.0,-58.0,-58.0,-57.0,-100.0,-82.0,-85.0,-100.0,-100.0,-100.0,-100.0,-100.0,-100.0,-100.0,-100.0,-100.0,-100.0,-100.0,-100.0,-100.0,-100.0,-100.0,-100.0,-100.0,-100.0,-100.0,-100.0,-100.0,-100.0,-100.0,-100.0,-100.0,-100.0,-100.0,-100.0,-100.0,-100.0,-100.0,-100.0,-100.0,-100.0,-100.0,-100.0,-100.0,-100.0,-100.0,-100.0,-100.0,-100.0,-89.0,-100.0,-88.0,-88.0,-100.0,-100.0,-88.0,-100.0,-90.0,-88.0,-100.0,-100.0,-100.0,-100.0,-100.0,-100.0,CEP104
-100.0,-100.0,-90.0,-100.0,-100.0,-100.0,-62.0,-62.0,-61.0,-60.0,-100.0,-90.0,-100.0,-100.0,-100.0,-100.0,-100.0,-100.0,-88.0,-100.0,-100.0,-100.0,-100.0,-100.0,-100.0,-100.0,-100.0,-100.0,-100.0,-87.0,-100.0,-88.0,-87.0,-100.0,-100.0,-100.0,-100.0,-100.0,-100.0,-100.0,-100.0,-100.0,-100.0,-100.0,-100.0,-100.0,-100.0,-100.0,-100.0,-100.0,-100.0,-100.0,-100.0,-100.0,-100.0,-88.0,-87.0,-88.0,-89.0,-100.0,-100.0,-87.0,-88.0,-89.0,-85.0,-78.0,-100.0,-100.0,-100.0,-100.0,-100.0,CEP104
-100.0,-100.0,-100.0,-100.0,-100.0,-100.0,-60.0,-60.0,-60.0,-59.0,-100.0,-100.0,-100.0,-100.0,-100.0,-100.0,-100.0,-100.0,-100.0,-100.0,-100.0,-100.0,-100.0,-100.0,-100.0,-100.0,-100.0,-100.0,-100.0,-88.0,-87.0,-88.0,-89.0,-100.0,-100.0,-100.0,-100.0,-100.0,-100.0,-100.0,-100.0,-100.0,-100.0,-100.0,-100.0,-100.0,-100.0,-100.0,-100.0,-100.0,-100.0,-100.0,-100.0,-100.0,-100.0,-100.0,-100.0,-100.0,-100.0,-100.0,-100.0,-100.0,-100.0,-100.0,-100.0,-89.0,-100.0,-100.0,-100.0,-100.0,-100.0,CEP104
-100.0,-100.0,-88.0,-100.0,-100.0,-100.0,-51.0,-51.0,-51.0,-51.0,-100.0,-100.0,-100.0,-100.0,-100.0,-100.0,-100.0,-100.0,-86.0,-88.0,-100.0,-100.0,-100.0,-100.0,-100.0,-100.0,-100.0,-100.0,-100.0,-100.0,-100.0,-100.0,-100.0,-100.0,-100.0,-100.0,-100.0,-100.0,-100.0,-100.0,-100.0,-100.0,-100.0,-100.0,-100.0,-100.0,-100.0,-100.0,-100.0,-100.0,-100.0,-100.0,-100.0,-100.0,-100.0,-89.0,-89.0,-100.0,-89.0,-100.0,-100.0,-86.0,-88.0,-88.0,-87.0,-100.0,-100.0,-100.0,-89.0,-100.0,-100.0,CEP104
-100.0,-100.0,-85.0,-100.0,-100.0,-84.0,-64.0,-64.0,-64.0,-63.0,-100.0,-81.0,-77.0,-80.0,-100.0,-100.0,-100.0,-100.0,-83.0,-82.0,-100.0,-82.0,-100.0,-100.0,-100.0,-100.0,-100.0,-100.0,-100.0,-81.0,-81.0,-83.0,-100.0,-100.0,-100.0,-81.0,-81.0,-82.0,-81.0,-100.0,-100.0,-100.0,-100.0,-100.0,-87.0,-87.0,-89.0,-87.0,-100.0,-100.0,-100.0,-100.0,-100.0,-100.0,-100.0,-100.0,-100.0,-100.0,-100.0,-100.0,-100.0,-100.0,-88.0,-88.0,-89.0,-100.0,-100.0,-100.0,-100.0,-100.0,-88.0,CEP105
-100.0,-100.0,-100.0,-100.0,-100.0,-100.0,-49.0,-49.0,-49.0,-49.0,-100.0,-86.0,-87.0,-87.0,-100.0,-100.0,-100.0,-100.0,-89.0,-100.0,-100.0,-84.0,-100.0,-100.0,-100.0,-100.0,-100.0,-100.0,-100.0,-81.0,-81.0,-81.0,-81.0,-100.0,-100.0,-84.0,-84.0,-85.0,-84.0,-100.0,-100.0,-100.0,-100.0,-100.0,-100.0,-100.0,-100.0,-100.0,-100.0,-100.0,-100.0,-100.0,-100.0,-100.0,-100.0,-100.0,-82.0,-100.0,-82.0,-100.0,-100.0,-82.0,-81.0,-82.0,-82.0,-100.0,-100.0,-100.0,-100.0,-100.0,-83.0,CEP105
-100.0,-100.0,-100.0,-100.0,-100.0,-100.0,-49.0,-50.0,-50.0,-49.0,-100.0,-85.0,-82.0,-86.0,-100.0,-100.0,-100.0,-100.0,-84.0,-83.0,-100.0,-83.0,-100.0,-100.0,-100.0,-100.0,-100.0,-100.0,-100.0,-83.0,-83.0,-83.0,-83.0,-100.0,-100.0,-88.0,-88.0,-88.0,-88.0,-100.0,-100.0,-100.0,-100.0,-100.0,-100.0,-100.0,-100.0,-100.0,-100.0,-100.0,-100.0,-100.0,-100.0,-100.0,-100.0,-100.0,-100.0,-100.0,-100.0,-100.0,-100.0,-85.0,-86.0,-85.0,-85.0,-100.0,-100.0,-100.0,-100.0,-100.0,-87.0,CEP105
-100.0,-100.0,-89.0,-100.0,-100.0,-100.0,-63.0,-62.0,-62.0,-61.0,-100.0,-100.0,-90.0,-90.0,-100.0,-100.0,-100.0,-100.0,-100.0,-82.0,-100.0,-88.0,-100.0,-100.0,-100.0,-100.0,-100.0,-100.0,-100.0,-100.0,-100.0,-100.0,-89.0,-100.0,-100.0,-87.0,-100.0,-87.0,-86.0,-100.0,-100.0,-100.0,-100.0,-100.0,-100.0,-100.0,-100.0,-100.0,-100.0,-100.0,-100.0,-100.0,-100.0,-100.0,-100.0,-75.0,-76.0,-75.0,-74.0,-100.0,-100.0,-77.0,-76.0,-77.0,-77.0,-100.0,-100.0,-100.0,-100.0,-100.0,-100.0,CEP105
-100.0,-100.0,-100.0,-100.0,-100.0,-100.0,-61.0,-61.0,-61.0,-60.0,-100.0,-100.0,-90.0,-100.0,-100.0,-100.0,-100.0,-100.0,-100.0,-68.0,-100.0,-100.0,-100.0,-100.0,-100.0,-100.0,-100.0,-100.0,-100.0,-100.0,-100.0,-100.0,-100.0,-100.0,-100.0,-81.0,-81.0,-81.0,-81.0,-100.0,-90.0,-100.0,-100.0,-100.0,-100.0,-100.0,-100.0,-100.0,-100.0,-100.0,-100.0,-100.0,-100.0,-100.0,-100.0,-78.0,-78.0,-78.0,-78.0,-100.0,-100.0,-86.0,-87.0,-86.0,-86.0,-100.0,-100.0,-100.0,-100.0,-100.0,-100.0,CEP105
-100.0,-100.0,-100.0,-100.0,-100.0,-100.0,-61.0,-61.0,-61.0,-60.0,-100.0,-82.0,-81.0,-81.0,-100.0,-100.0,-100.0,-100.0,-100.0,-79.0,-100.0,-100.0,-100.0,-100.0,-100.0,-100.0,-100.0,-100.0,-100.0,-100.0,-88.0,-100.0,-88.0,-100.0,-100.0,-89.0,-100.0,-88.0,-89.0,-100.0,-100.0,-100.0,-100.0,-100.0,-100.0,-100.0,-100.0,-100.0,-100.0,-100.0,-100.0,-100.0,-100.0,-100.0,-100.0,-80.0,-80.0,-100.0,-80.0,-100.0,-100.0,-100.0,-100.0,-100.0,-90.0,-100.0,-100.0,-100.0,-100.0,-100.0,-100.0,CEP105
-100.0,-100.0,-86.0,-100.0,-100.0,-100.0,-64.0,-63.0,-63.0,-63.0,-100.0,-80.0,-69.0,-71.0,-100.0,-100.0,-100.0,-100.0,-100.0,-84.0,-100.0,-76.0,-100.0,-100.0,-100.0,-100.0,-100.0,-100.0,-100.0,-79.0,-80.0,-80.0,-79.0,-100.0,-100.0,-100.0,-100.0,-88.0,-88.0,-100.0,-100.0,-100.0,-100.0,-100.0,-100.0,-100.0,-100.0,-89.0,-100.0,-100.0,-100.0,-100.0,-100.0,-100.0,-100.0,-72.0,-72.0,-71.0,-71.0,-100.0,-100.0,-79.0,-79.0,-78.0,-79.0,-90.0,-100.0,-100.0,-100.0,-100.0,-100.0,CEP105
-100.0,-100.0,-100.0,-100.0,-100.0,-100.0,-60.0,-60.0,-60.0,-59.0,-100.0,-100.0,-83.0,-88.0,-100.0,-100.0,-100.0,-100.0,-75.0,-100.0,-100.0,-100.0,-100.0,-100.0,-100.0,-100.0,-100.0,-100.0,-100.0,-88.0,-100.0,-87.0,-89.0,-100.0,-100.0,-84.0,-84.0,-83.0,-84.0,-100.0,-100.0,-100.0,-100.0,-100.0,-100.0,-100.0,-100.0,-100.0,-100.0,-100.0,-100.0,-100.0,-100.0,-100.0,-100.0,-90.0,-100.0,-100.0,-87.0,-100.0,-100.0,-100.0,-100.0,-100.0,-100.0,-100.0,-100.0,-100.0,-100.0,-100.0,-100.0,CEP105
-100.0,-100.0,-100.0,-100.0,-100.0,-100.0,-54.0,-54.0,-54.0,-53.0,-100.0,-100.0,-100.0,-88.0,-100.0,-100.0,-100.0,-100.0,-100.0,-84.0,-100.0,-87.0,-100.0,-100.0,-100.0,-100.0,-100.0,-100.0,-100.0,-100.0,-100.0,-89.0,-90.0,-100.0,-100.0,-83.0,-83.0,-100.0,-84.0,-100.0,-100.0,-100.0,-100.0,-100.0,-100.0,-100.0,-100.0,-90.0,-100.0,-100.0,-100.0,-100.0,-100.0,-100.0,-100.0,-100.0,-100.0,-100.0,-100.0,-100.0,-100.0,-83.0,-81.0,-83.0,-82.0,-100.0,-100.0,-100.0,-100.0,-100.0,-100.0,CEP105
-100.0,-100.0,-100.0,-100.0,-100.0,-100.0,-61.0,-61.0,-60.0,-60.0,-100.0,-100.0,-100.0,-100.0,-100.0,-100.0,-100.0,-100.0,-76.0,-85.0,-100.0,-100.0,-100.0,-100.0,-100.0,-100.0,-100.0,-100.0,-100.0,-100.0,-100.0,-100.0,-100.0,-100.0,-100.0,-78.0,-78.0,-77.0,-78.0,-100.0,-100.0,-100.0,-100.0,-100.0,-100.0,-100.0,-100.0,-100.0,-100.0,-100.0,-100.0,-100.0,-100.0,-100.0,-100.0,-100.0,-100.0,-85.0,-86.0,-100.0,-100.0,-86.0,-86.0,-100.0,-85.0,-100.0,-100.0,-100.0,-100.0,-100.0,-100.0,CEP105
-100.0,-100.0,-90.0,-100.0,-100.0,-100.0,-50.0,-50.0,-50.0,-49.0,-100.0,-89.0,-87.0,-89.0,-100.0,-100.0,-100.0,-100.0,-82.0,-79.0,-100.0,-88.0,-100.0,-100.0,-100.0,-100.0,-100.0,-100.0,-100.0,-83.0,-83.0,-84.0,-84.0,-100.0,-100.0,-75.0,-75.0,-76.0,-75.0,-100.0,-100.0,-100.0,-100.0,-100.0,-100.0,-100.0,-100.0,-100.0,-100.0,-100.0,-100.0,-100.0,-100.0,-100.0,-100.0,-77.0,-76.0,-77.0,-77.0,-100.0,-100.0,-85.0,-85.0,-85.0,-85.0,-100.0,-100.0,-100.0,-100.0,-100.0,-100.0,CEP105
-100.0,-100.0,-100.0,-100.0,-100.0,-100.0,-61.0,-61.0,-61.0,-60.0,-100.0,-87.0,-100.0,-87.0,-100.0,-100.0,-100.0,-100.0,-87.0,-80.0,-100.0,-90.0,-100.0,-100.0,-100.0,-100.0,-100.0,-100.0,-100.0,-100.0,-100.0,-100.0,-88.0,-100.0,-100.0,-76.0,-76.0,-76.0,-76.0,-100.0,-89.0,-100.0,-100.0,-100.0,-88.0,-86.0,-87.0,-88.0,-100.0,-100.0,-100.0,-100.0,-100.0,-100.0,-100.0,-84.0,-85.0,-85.0,-85.0,-100.0,-100.0,-100.0,-100.0,-100.0,-100.0,-100.0,-100.0,-100.0,-100.0,-100.0,-100.0,CEP105
-100.0,-100.0,-81.0,-100.0,-100.0,-100.0,-53.0,-53.0,-51.0,-50.0,-100.0,-100.0,-84.0,-81.0,-100.0,-100.0,-100.0,-100.0,-88.0,-88.0,-100.0,-84.0,-100.0,-100.0,-100.0,-100.0,-100.0,-100.0,-100.0,-100.0,-83.0,-82.0,-83.0,-100.0,-100.0,-82.0,-83.0,-83.0,-83.0,-100.0,-100.0,-100.0,-100.0,-100.0,-100.0,-100.0,-100.0,-100.0,-100.0,-100.0,-100.0,-100.0,-100.0,-100.0,-100.0,-75.0,-75.0,-75.0,-75.0,-100.0,-100.0,-80.0,-79.0,-80.0,-81.0,-100.0,-100.0,-100.0,-100.0,-100.0,-87.0,CEP105
-100.0,-100.0,-88.0,-100.0,-100.0,-100.0,-56.0,-55.0,-55.0,-53.0,-100.0,-87.0,-89.0,-88.0,-100.0,-100.0,-100.0,-100.0,-89.0,-78.0,-100.0,-100.0,-100.0,-100.0,-100.0,-100.0,-100.0,-100.0,-100.0,-100.0,-100.0,-100.0,-100.0,-100.0,-100.0,-81.0,-81.0,-81.0,-80.0,-100.0,-100.0,-100.0,-100.0,-100.0,-100.0,-100.0,-100.0,-100.0,-100.0,-100.0,-100.0,-100.0,-100.0,-100.0,-100.0,-74.0,-75.0,-75.0,-75.0,-100.0,-100.0,-80.0,-79.0,-79.0,-79.0,-100.0,-100.0,-100.0,-100.0,-100.0,-100.0,CEP105
-100.0,-100.0,-100.0,-100.0,-100.0,-100.0,-57.0,-57.0,-57.0,-56.0,-100.0,-100.0,-100.0,-85.0,-100.0,-100.0,-100.0,-100.0,-86.0,-100.0,-100.0,-100.0,-100.0,-100.0,-100.0,-100.0,-100.0,-100.0,-100.0,-100.0,-100.0,-100.0,-100.0,-100.0,-100.0,-73.0,-73.0,-73.0,-73.0,-100.0,-100.0,-100.0,-100.0,-100.0,-100.0,-100.0,-100.0,-100.0,-100.0,-100.0,-100.0,-100.0,-100.0,-100.0,-100.0,-100.0,-100.0,-100.0,-100.0,-100.0,-100.0,-89.0,-100.0,-90.0,-89.0,-100.0,-100.0,-100.0,-100.0,-100.0,-90.0,CEP105
-100.0,-100.0,-100.0,-100.0,-100.0,-100.0,-59.0,-59.0,-59.0,-60.0,-100.0,-100.0,-100.0,-100.0,-100.0,-100.0,-100.0,-100.0,-80.0,-85.0,-100.0,-100.0,-100.0,-100.0,-100.0,-100.0,-100.0,-100.0,-100.0,-100.0,-100.0,-100.0,-89.0,-100.0,-100.0,-77.0,-78.0,-77.0,-77.0,-100.0,-100.0,-100.0,-100.0,-100.0,-100.0,-100.0,-100.0,-100.0,-100.0,-100.0,-100.0,-100.0,-100.0,-100.0,-100.0,-100.0,-100.0,-100.0,-100.0,-100.0,-100.0,-89.0,-100.0,-89.0,-89.0,-100.0,-100.0,-100.0,-100.0,-100.0,-100.0,CEP105
-100.0,-100.0,-100.0,-100.0,-100.0,-100.0,-66.0,-66.0,-65.0,-65.0,-100.0,-100.0,-90.0,-100.0,-100.0,-100.0,-100.0,-100.0,-86.0,-85.0,-100.0,-100.0,-100.0,-100.0,-100.0,-100.0,-100.0,-100.0,-100.0,-100.0,-100.0,-100.0,-100.0,-100.0,-100.0,-79.0,-79.0,-79.0,-79.0,-100.0,-100.0,-100.0,-100.0,-100.0,-100.0,-100.0,-100.0,-100.0,-100.0,-100.0,-100.0,-100.0,-100.0,-100.0,-100.0,-100.0,-100.0,-100.0,-100.0,-100.0,-100.0,-100.0,-100.0,-100.0,-100.0,-100.0,-100.0,-100.0,-100.0,-100.0,-100.0,CEP105
-100.0,-100.0,-100.0,-100.0,-100.0,-100.0,-65.0,-65.0,-65.0,-64.0,-100.0,-100.0,-100.0,-100.0,-100.0,-100.0,-100.0,-100.0,-65.0,-89.0,-100.0,-100.0,-100.0,-100.0,-100.0,-100.0,-100.0,-100.0,-100.0,-87.0,-100.0,-87.0,-100.0,-100.0,-100.0,-84.0,-84.0,-84.0,-85.0,-100.0,-100.0,-100.0,-100.0,-100.0,-100.0,-100.0,-100.0,-100.0,-100.0,-100.0,-100.0,-100.0,-100.0,-100.0,-100.0,-100.0,-100.0,-100.0,-100.0,-100.0,-100.0,-100.0,-100.0,-100.0,-100.0,-100.0,-100.0,-90.0,-100.0,-100.0,-100.0,CEP105
-100.0,-100.0,-100.0,-100.0,-100.0,-100.0,-65.0,-65.0,-65.0,-65.0,-100.0,-100.0,-90.0,-88.0,-100.0,-100.0,-100.0,-100.0,-70.0,-83.0,-100.0,-100.0,-100.0,-100.0,-100.0,-100.0,-100.0,-100.0,-100.0,-100.0,-87.0,-100.0,-100.0,-100.0,-100.0,-82.0,-82.0,-83.0,-82.0,-100.0,-100.0,-100.0,-100.0,-100.0,-100.0,-100.0,-100.0,-100.0,-100.0,-100.0,-100.0,-100.0,-100.0,-100.0,-100.0,-100.0,-100.0,-100.0,-100.0,-100.0,-100.0,-100.0,-100.0,-100.0,-100.0,-100.0,-100.0,-100.0,-100.0,-100.0,-100.0,CEP105
-100.0,-100.0,-100.0,-100.0,-100.0,-100.0,-53.0,-55.0,-53.0,-52.0,-100.0,-90.0,-88.0,-100.0,-100.0,-100.0,-100.0,-100.0,-81.0,-81.0,-100.0,-86.0,-100.0,-100.0,-100.0,-100.0,-100.0,-100.0,-100.0,-100.0,-90.0,-100.0,-100.0,-100.0,-100.0,-88.0,-87.0,-100.0,-88.0,-100.0,-100.0,-100.0,-100.0,-100.0,-100.0,-100.0,-100.0,-100.0,-100.0,-100.0,-100.0,-100.0,-100.0,-100.0,-100.0,-100.0,-100.0,-100.0,-100.0,-100.0,-100.0,-100.0,-100.0,-100.0,-100.0,-100.0,-100.0,-100.0,-100.0,-100.0,-89.0,CEP105
-100.0,-100.0,-100.0,-100.0,-100.0,-100.0,-56.0,-54.0,-55.0,-53.0,-100.0,-83.0,-85.0,-89.0,-100.0,-100.0,-100.0,-100.0,-88.0,-80.0,-100.0,-85.0,-100.0,-100.0,-100.0,-100.0,-100.0,-100.0,-100.0,-81.0,-81.0,-81.0,-82.0,-100.0,-100.0,-81.0,-82.0,-82.0,-82.0,-100.0,-100.0,-100.0,-100.0,-100.0,-100.0,-100.0,-100.0,-100.0,-100.0,-100.0,-100.0,-100.0,-100.0,-100.0,-100.0,-80.0,-80.0,-79.0,-80.0,-100.0,-100.0,-88.0,-88.0,-87.0,-87.0,-100.0,-100.0,-100.0,-100.0,-100.0,-87.0,CEP105
-100.0,-100.0,-89.0,-100.0,-100.0,-100.0,-73.0,-73.0,-73.0,-72.0,-100.0,-100.0,-100.0,-100.0,-100.0,-100.0,-100.0,-100.0,-100.0,-100.0,-100.0,-100.0,-100.0,-100.0,-100.0,-100.0,-100.0,-100.0,-100.0,-100.0,-100.0,-100.0,-100.0,-100.0,-100.0,-78.0,-77.0,-78.0,-77.0,-100.0,-100.0,-100.0,-100.0,-100.0,-87.0,-87.0,-87.0,-87.0,-100.0,-100.0,-100.0,-100.0,-100.0,-100.0,-100.0,-76.0,-76.0,-77.0,-77.0,-100.0,-100.0,-83.0,-82.0,-83.0,-82.0,-100.0,-100.0,-100.0,-100.0,-100.0,-100.0,CEP106
-100.0,-100.0,-100.0,-100.0,-89.0,-100.0,-77.0,-77.0,-78.0,-77.0,-100.0,-100.0,-100.0,-100.0,-100.0,-100.0,-100.0,-100.0,-100.0,-90.0,-100.0,-100.0,-100.0,-100.0,-100.0,-100.0,-100.0,-100.0,-100.0,-100.0,-100.0,-100.0,-100.0,-100.0,-100.0,-82.0,-83.0,-83.0,-83.0,-100.0,-100.0,-100.0,-100.0,-100.0,-100.0,-100.0,-100.0,-100.0,-100.0,-100.0,-100.0,-100.0,-100.0,-100.0,-100.0,-100.0,-100.0,-100.0,-100.0,-100.0,-89.0,-100.0,-100.0,-100.0,-100.0,-100.0,-100.0,-100.0,-100.0,-100.0,-100.0,CEP106
-100.0,-100.0,-100.0,-100.0,-100.0,-100.0,-81.0,-81.0,-81.0,-81.0,-100.0,-100.0,-100.0,-100.0,-100.0,-100.0,-100.0,-100.0,-86.0,-100.0,-100.0,-100.0,-100.0,-100.0,-100.0,-100.0,-100.0,-100.0,-100.0,-100.0,-100.0,-100.0,-100.0,-100.0,-100.0,-82.0,-83.0,-82.0,-83.0,-100.0,-87.0,-100.0,-100.0,-100.0,-100.0,-100.0,-100.0,-100.0,-100.0,-100.0,-100.0,-100.0,-100.0,-100.0,-100.0,-100.0,-100.0,-100.0,-90.0,-100.0,-100.0,-100.0,-100.0,-100.0,-100.0,-100.0,-100.0,-100.0,-100.0,-100.0,-100.0,CEP106
-100.0,-100.0,-100.0,-100.0,-100.0,-100.0,-83.0,-83.0,-85.0,-83.0,-100.0,-100.0,-100.0,-100.0,-100.0,-100.0,-100.0,-100.0,-82.0,-100.0,-100.0,-100.0,-100.0,-100.0,-100.0,-100.0,-100.0,-100.0,-100.0,-100.0,-100.0,-100.0,-100.0,-100.0,-100.0,-79.0,-78.0,-79.0,-78.0,-100.0,-100.0,-100.0,-100.0,-100.0,-100.0,-100.0,-100.0,-100.0,-100.0,-100.0,-100.0,-100.0,-100.0,-100.0,-100.0,-100.0,-100.0,-100.0,-90.0,-100.0,-100.0,-100.0,-100.0,-90.0,-90.0,-100.0,-100.0,-100.0,-100.0,-100.0,-100.0,CEP106
-100.0,-100.0,-100.0,-100.0,-84.0,-100.0,-71.0,-71.0,-71.0,-73.0,-100.0,-100.0,-100.0,-100.0,-100.0,-100.0,-100.0,-100.0,-81.0,-100.0,-100.0,-100.0,-100.0,-100.0,-100.0,-100.0,-100.0,-100.0,-100.0,-88.0,-86.0,-87.0,-100.0,-100.0,-100.0,-72.0,-72.0,-73.0,-73.0,-100.0,-84.0,-100.0,-100.0,-100.0,-86.0,-86.0,-88.0,-86.0,-100.0,-100.0,-100.0,-100.0,-100.0,-100.0,-100.0,-87.0,-89.0,-86.0,-87.0,-100.0,-87.0,-100.0,-100.0,-100.0,-100.0,-100.0,-100.0,-100.0,-100.0,-100.0,-100.0,CEP106
-100.0,-100.0,-100.0,-100.0,-88.0,-100.0,-73.0,-74.0,-73.0,-73.0,-100.0,-100.0,-100.0,-100.0,-100.0,-100.0,-100.0,-81.0,-80.0,-100.0,-100.0,-100.0,-100.0,-100.0,-100.0,-100.0,-100.0,-100.0,-100.0,-100.0,-100.0,-100.0,-100.0,-100.0,-100.0,-81.0,-81.0,-81.0,-81.0,-100.0,-76.0,-100.0,-100.0,-100.0,-83.0,-82.0,-83.0,-84.0,-100.0,-100.0,-100.0,-100.0,-100.0,-100.0,-100.0,-87.0,-87.0,-100.0,-87.0,-100.0,-77.0,-100.0,-100.0,-100.0,-100.0,-100.0,-100.0,-100.0,-100.0,-100.0,-100.0,CEP106
-100.0,-100.0,-100.0,-100.0,-83.0,-100.0,-72.0,-72.0,-73.0,-72.0,-100.0,-100.0,-100.0,-100.0,-100.0,-100.0,-100.0,-84.0,-86.0,-100.0,-100.0,-100.0,-100.0,-100.0,-100.0,-100.0,-100.0,-100.0,-100.0,-100.0,-100.0,-100.0,-100.0,-100.0,-100.0,-74.0,-74.0,-74.0,-74.0,-100.0,-87.0,-100.0,-100.0,-100.0,-79.0,-78.0,-78.0,-78.0,-100.0,-100.0,-100.0,-100.0,-100.0,-100.0,-100.0,-100.0,-100.0,-100.0,-100.0,-100.0,-100.0,-100.0,-100.0,-100.0,-100.0,-100.0,-100.0,-100.0,-100.0,-100.0,-100.0,CEP106
-100.0,-100.0,-100.0,-100.0,-89.0,-100.0,-75.0,-75.0,-76.0,-75.0,-100.0,-100.0,-100.0,-100.0,-100.0,-100.0,-100.0,-100.0,-90.0,-100.0,-100.0,-100.0,-100.0,-100.0,-100.0,-100.0,-100.0,-100.0,-100.0,-100.0,-100.0,-100.0,-100.0,-100.0,-100.0,-71.0,-71.0,-71.0,-71.0,-100.0,-100.0,-100.0,-100.0,-100.0,-78.0,-77.0,-77.0,-78.0,-100.0,-100.0,-100.0,-100.0,-100.0,-100.0,-100.0,-100.0,-100.0,-100.0,-90.0,-100.0,-89.0,-89.0,-88.0,-100.0,-89.0,-100.0,-100.0,-100.0,-100.0,-100.0,-100.0,CEP106
-100.0,-100.0,-100.0,-100.0,-90.0,-100.0,-78.0,-77.0,-77.0,-76.0,-100.0,-100.0,-100.0,-100.0,-100.0,-100.0,-100.0,-100.0,-100.0,-100.0,-100.0,-100.0,-100.0,-100.0,-100.0,-100.0,-100.0,-100.0,-100.0,-100.0,-100.0,-100.0,-100.0,-100.0,-100.0,-81.0,-80.0,-80.0,-81.0,-100.0,-100.0,-100.0,-100.0,-100.0,-79.0,-78.0,-79.0,-79.0,-100.0,-100.0,-100.0,-100.0,-100.0,-100.0,-100.0,-100.0,-100.0,-100.0,-100.0,-100.0,-100.0,-84.0,-86.0,-86.0,-85.0,-100.0,-100.0,-100.0,-100.0,-100.0,-100.0,CEP106
-100.0,-88.0,-100.0,-100.0,-100.0,-100.0,-69.0,-70.0,-69.0,-69.0,-100.0,-100.0,-100.0,-100.0,-100.0,-100.0,-100.0,-100.0,-100.0,-100.0,-100.0,-100.0,-100.0,-100.0,-100.0,-100.0,-100.0,-100.0,-100.0,-100.0,-100.0,-100.0,-100.0,-100.0,-100.0,-72.0,-72.0,-72.0,-72.0,-100.0,-89.0,-100.0,-100.0,-100.0,-79.0,-78.0,-79.0,-79.0,-100.0,-100.0,-100.0,-100.0,-100.0,-100.0,-100.0,-85.0,-85.0,-84.0,-86.0,-100.0,-100.0,-85.0,-84.0,-84.0,-83.0,-100.0,-100.0,-100.0,-100.0,-100.0,-100.0,CEP106
-100.0,-100.0,-100.0,-100.0,-100.0,-100.0,-71.0,-71.0,-73.0,-70.0,-100.0,-100.0,-100.0,-100.0,-100.0,-100.0,-100.0,-100.0,-83.0,-100.0,-100.0,-100.0,-100.0,-100.0,-100.0,-100.0,-100.0,-100.0,-100.0,-100.0,-85.0,-85.0,-85.0,-100.0,-100.0,-67.0,-67.0,-67.0,-67.0,-100.0,-100.0,-100.0,-100.0,-100.0,-81.0,-80.0,-81.0,-81.0,-100.0,-100.0,-100.0,-100.0,-100.0,-100.0,-100.0,-100.0,-85.0,-100.0,-82.0,-100.0,-100.0,-78.0,-79.0,-78.0,-78.0,-100.0,-100.0,-100.0,-100.0,-100.0,-100.0,CEP106
-100.0,-100.0,-100.0,-100.0,-100.0,-100.0,-65.0,-65.0,-65.0,-64.0,-100.0,-100.0,-100.0,-100.0,-100.0,-100.0,-100.0,-100.0,-86.0,-77.0,-100.0,-100.0,-100.0,-100.0,-100.0,-100.0,-100.0,-100.0,-100.0,-100.0,-100.0,-100.0,-100.0,-100.0,-100.0,-74.0,-74.0,-74.0,-74.0,-100.0,-100.0,-100.0,-100.0,-100.0,-85.0,-100.0,-86.0,-87.0,-100.0,-100.0,-100.0,-100.0,-100.0,-100.0,-100.0,-87.0,-100.0,-100.0,-100.0,-100.0,-100.0,-84.0,-83.0,-84.0,-84.0,-100.0,-100.0,-100.0,-100.0,-100.0,-100.0,CEP106
-100.0,-100.0,-100.0,-100.0,-100.0,-100.0,-72.0,-72.0,-72.0,-71.0,-100.0,-100.0,-100.0,-100.0,-100.0,-100.0,-100.0,-100.0,-100.0,-80.0,-100.0,-100.0,-100.0,-100.0,-100.0,-100.0,-100.0,-100.0,-100.0,-100.0,-100.0,-100.0,-100.0,-100.0,-100.0,-71.0,-71.0,-71.0,-71.0,-100.0,-100.0,-100.0,-100.0,-100.0,-85.0,-80.0,-86.0,-86.0,-100.0,-100.0,-100.0,-100.0,-100.0,-100.0,-100.0,-83.0,-83.0,-83.0,-83.0,-100.0,-100.0,-82.0,-82.0,-83.0,-83.0,-100.0,-100.0,-100.0,-100.0,-100.0,-100.0,CEP106
-100.0,-100.0,-100.0,-100.0,-100.0,-100.0,-67.0,-67.0,-67.0,-67.0,-100.0,-100.0,-100.0,-100.0,-100.0,-100.0,-100.0,-100.0,-88.0,-86.0,-100.0,-100.0,-100.0,-100.0,-100.0,-100.0,-100.0,-100.0,-100.0,-87.0,-87.0,-87.0,-86.0,-100.0,-100.0,-73.0,-73.0,-73.0,-73.0,-100.0,-100.0,-100.0,-100.0,-100.0,-80.0,-81.0,-81.0,-81.0,-100.0,-100.0,-100.0,-100.0,-100.0,-100.0,-100.0,-100.0,-84.0,-87.0,-86.0,-100.0,-100.0,-81.0,-80.0,-81.0,-80.0,-100.0,-100.0,-100.0,-100.0,-100.0,-100.0,CEP106
-100.0,-100.0,-100.0,-100.0,-100.0,-100.0,-66.0,-66.0,-66.0,-65.0,-100.0,-100.0,-100.0,-100.0,-100.0,-100.0,-100.0,-100.0,-89.0,-84.0,-100.0,-100.0,-100.0,-100.0,-100.0,-100.0,-100.0,-100.0,-100.0,-90.0,-88.0,-100.0,-100.0,-100.0,-100.0,-64.0,-64.0,-64.0,-64.0,-100.0,-100.0,-100.0,-100.0,-100.0,-81.0,-81.0,-81.0,-81.0,-100.0,-100.0,-100.0,-100.0,-100.0,-100.0,-100.0,-100.0,-84.0,-84.0,-85.0,-100.0,-100.0,-86.0,-85.0,-83.0,-85.0,-100.0,-100.0,-100.0,-100.0,-100.0,-100.0,CEP106
-100.0,-100.0,-100.0,-100.0,-100.0,-100.0,-63.0,-63.0,-63.0,-62.0,-100.0,-100.0,-100.0,-100.0,-100.0,-100.0,-100.0,-100.0,-88.0,-100.0,-100.0,-100.0,-100.0,-100.0,-100.0,-100.0,-100.0,-100.0,-100.0,-100.0,-100.0,-100.0,-100.0,-100.0,-100.0,-70.0,-70.0,-71.0,-70.0,-100.0,-100.0,-100.0,-100.0,-100.0,-100.0,-100.0,-100.0,-100.0,-100.0,-100.0,-100.0,-100.0,-100.0,-100.0,-100.0,-100.0,-100.0,-100.0,-100.0,-100.0,-100.0,-87.0,-100.0,-87.0,-87.0,-100.0,-100.0,-100.0,-100.0,-100.0,-100.0,CEP106
-100.0,-100.0,-100.0,-100.0,-100.0,-100.0,-72.0,-72.0,-72.0,-71.0,-100.0,-100.0,-100.0,-100.0,-100.0,-100.0,-100.0,-100.0,-78.0,-100.0,-100.0,-100.0,-100.0,-100.0,-100.0,-100.0,-100.0,-100.0,-100.0,-100.0,-100.0,-100.0,-100.0,-100.0,-100.0,-84.0,-79.0,-81.0,-79.0,-100.0,-100.0,-100.0,-100.0,-100.0,-100.0,-100.0,-100.0,-100.0,-100.0,-100.0,-100.0,-100.0,-100.0,-100.0,-100.0,-100.0,-100.0,-100.0,-100.0,-100.0,-100.0,-100.0,-100.0,-85.0,-84.0,-100.0,-100.0,-100.0,-100.0,-100.0,-100.0,CEP106
-100.0,-100.0,-100.0,-100.0,-100.0,-100.0,-76.0,-76.0,-76.0,-75.0,-100.0,-100.0,-100.0,-100.0,-100.0,-100.0,-100.0,-100.0,-77.0,-100.0,-100.0,-100.0,-100.0,-100.0,-100.0,-100.0,-100.0,-100.0,-100.0,-100.0,-100.0,-100.0,-100.0,-100.0,-100.0,-81.0,-81.0,-81.0,-81.0,-100.0,-100.0,-100.0,-100.0,-100.0,-100.0,-100.0,-100.0,-100.0,-100.0,-100.0,-100.0,-100.0,-100.0,-100.0,-100.0,-100.0,-100.0,-100.0,-100.0,-100.0,-100.0,-89.0,-100.0,-90.0,-89.0,-100.0,-100.0,-100.0,-100.0,-100.0,-100.0,CEP106
-100.0,-100.0,-100.0,-100.0,-85.0,-100.0,-69.0,-69.0,-69.0,-68.0,-100.0,-100.0,-100.0,-100.0,-100.0,-100.0,-100.0,-87.0,-88.0,-100.0,-100.0,-100.0,-100.0,-100.0,-100.0,-100.0,-100.0,-100.0,-100.0,-100.0,-100.0,-100.0,-100.0,-100.0,-100.0,-76.0,-76.0,-77.0,-77.0,-100.0,-90.0,-100.0,-100.0,-100.0,-100.0,-88.0,-87.0,-100.0,-100.0,-100.0,-100.0,-100.0,-100.0,-100.0,-100.0,-100.0,-100.0,-100.0,-100.0,-100.0,-89.0,-82.0,-82.0,-83.0,-83.0,-100.0,-100.0,-100.0,-100.0,-100.0,-100.0,CEP106
-100.0,-100.0,-100.0,-100.0,-100.0,-100.0,-61.0,-61.0,-61.0,-60.0,-100.0,-100.0,-100.0,-100.0,-100.0,-100.0,-100.0,-100.0,-82.0,-100.0,-100.0,-100.0,-100.0,-100.0,-100.0,-100.0,-100.0,-100.0,-100.0,-100.0,-100.0,-100.0,-100.0,-100.0,-100.0,-78.0,-78.0,-78.0,-77.0,-100.0,-100.0,-100.0,-100.0,-100.0,-100.0,-100.0,-100.0,-88.0,-100.0,-100.0,-100.0,-100.0,-100.0,-100.0,-100.0,-100.0,-90.0,-100.0,-89.0,-100.0,-100.0,-82.0,-82.0,-82.0,-83.0,-100.0,-100.0,-100.0,-100.0,-100.0,-100.0,CEP106
-100.0,-100.0,-100.0,-100.0,-100.0,-100.0,-68.0,-68.0,-68.0,-67.0,-100.0,-100.0,-100.0,-100.0,-100.0,-100.0,-100.0,-100.0,-89.0,-100.0,-100.0,-100.0,-100.0,-100.0,-100.0,-100.0,-100.0,-100.0,-100.0,-100.0,-100.0,-100.0,-100.0,-100.0,-100.0,-100.0,-100.0,-100.0,-100.0,-100.0,-100.0,-100.0,-90.0,-100.0,-100.0,-100.0,-100.0,-100.0,-100.0,-100.0,-100.0,-100.0,-100.0,-100.0,-100.0,-90.0,-100.0,-100.0,-100.0,-100.0,-100.0,-100.0,-100.0,-100.0,-100.0,-100.0,-100.0,-100.0,-100.0,-100.0,-100.0,CEP106
-100.0,-89.0,-100.0,-100.0,-89.0,-100.0,-68.0,-74.0,-74.0,-73.0,-100.0,-100.0,-100.0,-100.0,-100.0,-100.0,-100.0,-100.0,-88.0,-100.0,-100.0,-100.0,-100.0,-100.0,-100.0,-100.0,-100.0,-100.0,-100.0,-100.0,-100.0,-100.0,-100.0,-100.0,-100.0,-69.0,-69.0,-69.0,-69.0,-100.0,-88.0,-100.0,-100.0,-100.0,-86.0,-84.0,-89.0,-87.0,-100.0,-100.0,-100.0,-100.0,-100.0,-100.0,-100.0,-100.0,-100.0,-100.0,-100.0,-100.0,-100.0,-81.0,-81.0,-81.0,-81.0,-100.0,-83.0,-100.0,-100.0,-100.0,-100.0,CEP106
-100.0,-100.0,-100.0,-100.0,-100.0,-100.0,-56.0,-56.0,-56.0,-53.0,-100.0,-100.0,-100.0,-100.0,-100.0,-100.0,-100.0,-100.0,-84.0,-81.0,-100.0,-100.0,-100.0,-100.0,-100.0,-100.0,-100.0,-100.0,-100.0,-100.0,-100.0,-100.0,-100.0,-100.0,-100.0,-69.0,-70.0,-70.0,-70.0,-100.0,-100.0,-100.0,-100.0,-100.0,-100.0,-100.0,-100.0,-100.0,-100.0,-100.0,-100.0,-100.0,-100.0,-100.0,-100.0,-100.0,-89.0,-100.0,-100.0,-100.0,-100.0,-83.0,-82.0,-83.0,-83.0,-100.0,-100.0,-100.0,-100.0,-100.0,-100.0,CEP106
-100.0,-100.0,-100.0,-100.0,-100.0,-100.0,-65.0,-65.0,-65.0,-64.0,-100.0,-100.0,-100.0,-100.0,-100.0,-100.0,-100.0,-100.0,-100.0,-87.0,-100.0,-100.0,-100.0,-100.0,-100.0,-100.0,-100.0,-100.0,-100.0,-100.0,-100.0,-100.0,-100.0,-100.0,-100.0,-73.0,-73.0,-73.0,-73.0,-100.0,-100.0,-100.0,-100.0,-100.0,-79.0,-78.0,-79.0,-79.0,-100.0,-100.0,-100.0,-100.0,-100.0,-100.0,-100.0,-100.0,-100.0,-89.0,-90.0,-100.0,-100.0,-81.0,-81.0,-82.0,-81.0,-100.0,-100.0,-100.0,-100.0,-100.0,-100.0,CEP106
-100.0,-100.0,-100.0,-100.0,-100.0,-100.0,-70.0,-70.0,-70.0,-72.0,-100.0,-100.0,-100.0,-100.0,-100.0,-100.0,-100.0,-100.0,-89.0,-86.0,-100.0,-100.0,-100.0,-100.0,-100.0,-100.0,-100.0,-100.0,-100.0,-100.0,-100.0,-100.0,-100.0,-100.0,-100.0,-71.0,-71.0,-71.0,-71.0,-100.0,-100.0,-100.0,-100.0,-100.0,-75.0,-75.0,-75.0,-75.0,-100.0,-100.0,-100.0,-100.0,-100.0,-100.0,-100.0,-100.0,-100.0,-100.0,-100.0,-100.0,-100.0,-86.0,-87.0,-86.0,-86.0,-100.0,-84.0,-100.0,-100.0,-100.0,-100.0,CEP106
-100.0,-100.0,-100.0,-100.0,-100.0,-100.0,-70.0,-71.0,-71.0,-74.0,-100.0,-100.0,-100.0,-100.0,-100.0,-100.0,-100.0,-100.0,-82.0,-100.0,-100.0,-100.0,-100.0,-100.0,-100.0,-100.0,-100.0,-100.0,-100.0,-100.0,-100.0,-100.0,-100.0,-100.0,-100.0,-77.0,-77.0,-77.0,-77.0,-100.0,-100.0,-100.0,-100.0,-100.0,-100.0,-100.0,-100.0,-100.0,-100.0,-100.0,-100.0,-100.0,-100.0,-100.0,-100.0,-100.0,-100.0,-100.0,-100.0,-100.0,-100.0,-81.0,-81.0,-81.0,-81.0,-100.0,-100.0,-100.0,-100.0,-100.0,-100.0,CEP106
-100.0,-100.0,-100.0,-100.0,-100.0,-100.0,-71.0,-71.0,-71.0,-70.0,-100.0,-100.0,-100.0,-100.0,-100.0,-89.0,-100.0,-100.0,-69.0,-77.0,-100.0,-100.0,-100.0,-100.0,-100.0,-100.0,-100.0,-100.0,-100.0,-100.0,-100.0,-100.0,-100.0,-100.0,-100.0,-82.0,-81.0,-82.0,-82.0,-100.0,-100.0,-100.0,-100.0,-100.0,-100.0,-100.0,-100.0,-100.0,-100.0,-100.0,-100.0,-100.0,-100.0,-100.0,-100.0,-100.0,-100.0,-100.0,-100.0,-100.0,-100.0,-100.0,-89.0,-100.0,-89.0,-100.0,-100.0,-100.0,-100.0,-100.0,-100.0,CEP106
-100.0,-100.0,-100.0,-100.0,-100.0,-100.0,-67.0,-66.0,-67.0,-66.0,-100.0,-100.0,-100.0,-100.0,-100.0,-100.0,-100.0,-100.0,-79.0,-100.0,-100.0,-100.0,-100.0,-100.0,-100.0,-100.0,-100.0,-100.0,-100.0,-100.0,-100.0,-100.0,-100.0,-100.0,-100.0,-84.0,-84.0,-84.0,-84.0,-100.0,-100.0,-100.0,-100.0,-100.0,-100.0,-100.0,-100.0,-100.0,-100.0,-100.0,-100.0,-100.0,-100.0,-100.0,-100.0,-100.0,-100.0,-100.0,-100.0,-100.0,-100.0,-85.0,-85.0,-84.0,-85.0,-90.0,-100.0,-100.0,-100.0,-100.0,-100.0,CEP106
-100.0,-100.0,-100.0,-100.0,-100.0,-100.0,-72.0,-71.0,-72.0,-71.0,-100.0,-100.0,-100.0,-100.0,-100.0,-100.0,-100.0,-100.0,-74.0,-100.0,-100.0,-100.0,-100.0,-100.0,-100.0,-100.0,-100.0,-100.0,-100.0,-100.0,-100.0,-100.0,-100.0,-100.0,-100.0,-78.0,-78.0,-77.0,-78.0,-100.0,-100.0,-100.0,-100.0,-100.0,-100.0,-100.0,-100.0,-100.0,-100.0,-100.0,-100.0,-100.0,-100.0,-100.0,-100.0,-100.0,-100.0,-100.0,-100.0,-100.0,-100.0,-82.0,-82.0,-82.0,-83.0,-100.0,-100.0,-100.0,-100.0,-100.0,-100.0,CEP106
-100.0,-100.0,-100.0,-100.0,-100.0,-100.0,-76.0,-77.0,-76.0,-75.0,-100.0,-100.0,-100.0,-100.0,-100.0,-100.0,-100.0,-100.0,-83.0,-100.0,-100.0,-100.0,-100.0,-100.0,-100.0,-100.0,-100.0,-100.0,-100.0,-100.0,-100.0,-100.0,-100.0,-100.0,-100.0,-81.0,-83.0,-80.0,-80.0,-100.0,-100.0,-100.0,-100.0,-100.0,-100.0,-100.0,-100.0,-90.0,-100.0,-100.0,-100.0,-100.0,-100.0,-100.0,-100.0,-100.0,-100.0,-100.0,-100.0,-100.0,-100.0,-87.0,-100.0,-87.0,-86.0,-100.0,-100.0,-100.0,-100.0,-100.0,-100.0,CEP106
-100.0,-100.0,-100.0,-100.0,-100.0,-100.0,-76.0,-76.0,-76.0,-75.0,-100.0,-100.0,-100.0,-100.0,-100.0,-100.0,-100.0,-100.0,-83.0,-100.0,-100.0,-100.0,-100.0,-100.0,-100.0,-100.0,-100.0,-100.0,-100.0,-100.0,-100.0,-100.0,-100.0,-100.0,-100.0,-79.0,-79.0,-79.0,-79.0,-100.0,-100.0,-100.0,-100.0,-100.0,-100.0,-100.0,-100.0,-89.0,-100.0,-100.0,-100.0,-100.0,-100.0,-100.0,-100.0,-100.0,-100.0,-100.0,-100.0,-100.0,-100.0,-100.0,-100.0,-100.0,-100.0,-100.0,-100.0,-100.0,-100.0,-100.0,-100.0,CEP106
-100.0,-100.0,-100.0,-100.0,-100.0,-100.0,-67.0,-67.0,-67.0,-66.0,-100.0,-100.0,-100.0,-100.0,-100.0,-100.0,-100.0,-100.0,-100.0,-100.0,-100.0,-100.0,-100.0,-100.0,-100.0,-100.0,-100.0,-100.0,-100.0,-88.0,-88.0,-87.0,-88.0,-100.0,-100.0,-89.0,-100.0,-89.0,-88.0,-100.0,-85.0,-100.0,-100.0,-100.0,-100.0,-90.0,-100.0,-100.0,-100.0,-100.0,-100.0,-100.0,-100.0,-100.0,-100.0,-81.0,-81.0,-81.0,-82.0,-100.0,-75.0,-88.0,-100.0,-89.0,-87.0,-100.0,-100.0,-100.0,-100.0,-100.0,-100.0,CEP107
-100.0,-100.0,-89.0,-100.0,-100.0,-100.0,-66.0,-66.0,-66.0,-65.0,-100.0,-100.0,-100.0,-100.0,-100.0,-100.0,-100.0,-84.0,-100.0,-100.0,-100.0,-100.0,-100.0,-100.0,-100.0,-100.0,-100.0,-100.0,-100.0,-100.0,-100.0,-100.0,-100.0,-100.0,-100.0,-100.0,-100.0,-100.0,-100.0,-100.0,-87.0,-100.0,-100.0,-100.0,-100.0,-100.0,-100.0,-100.0,-100.0,-100.0,-100.0,-100.0,-100.0,-100.0,-100.0,-68.0,-69.0,-68.0,-69.0,-100.0,-74.0,-83.0,-83.0,-83.0,-82.0,-100.0,-100.0,-100.0,-100.0,-100.0,-100.0,CEP107
-100.0,-100.0,-100.0,-100.0,-90.0,-100.0,-73.0,-72.0,-72.0,-72.0,-100.0,-100.0,-100.0,-100.0,-100.0,-100.0,-100.0,-84.0,-100.0,-100.0,-100.0,-100.0,-100.0,-100.0,-100.0,-100.0,-100.0,-100.0,-100.0,-100.0,-100.0,-100.0,-100.0,-100.0,-100.0,-88.0,-87.0,-89.0,-87.0,-100.0,-73.0,-100.0,-100.0,-100.0,-100.0,-100.0,-100.0,-100.0,-100.0,-100.0,-100.0,-100.0,-100.0,-100.0,-100.0,-68.0,-68.0,-68.0,-68.0,-100.0,-83.0,-77.0,-78.0,-78.0,-78.0,-100.0,-100.0,-100.0,-100.0,-100.0,-100.0,CEP107
-100.0,-100.0,-100.0,-100.0,-100.0,-100.0,-72.0,-72.0,-72.0,-71.0,-100.0,-100.0,-100.0,-100.0,-100.0,-100.0,-100.0,-80.0,-100.0,-100.0,-100.0,-100.0,-100.0,-100.0,-100.0,-100.0,-100.0,-100.0,-100.0,-100.0,-100.0,-100.0,-100.0,-100.0,-100.0,-89.0,-100.0,-90.0,-88.0,-100.0,-76.0,-100.0,-100.0,-100.0,-100.0,-100.0,-100.0,-89.0,-100.0,-100.0,-100.0,-100.0,-100.0,-100.0,-100.0,-82.0,-82.0,-81.0,-82.0,-100.0,-83.0,-100.0,-100.0,-100.0,-100.0,-100.0,-100.0,-100.0,-100.0,-100.0,-100.0,CEP107
-100.0,-100.0,-100.0,-100.0,-100.0,-100.0,-61.0,-61.0,-61.0,-60.0,-100.0,-100.0,-100.0,-100.0,-100.0,-100.0,-100.0,-100.0,-100.0,-100.0,-100.0,-100.0,-100.0,-100.0,-100.0,-100.0,-100.0,-100.0,-100.0,-100.0,-100.0,-100.0,-100.0,-100.0,-100.0,-81.0,-81.0,-80.0,-80.0,-100.0,-71.0,-100.0,-100.0,-100.0,-88.0,-100.0,-100.0,-88.0,-100.0,-100.0,-100.0,-100.0,-100.0,-100.0,-100.0,-74.0,-74.0,-74.0,-74.0,-100.0,-73.0,-85.0,-85.0,-85.0,-86.0,-100.0,-100.0,-100.0,-100.0,-100.0,-100.0,CEP107
-100.0,-100.0,-100.0,-100.0,-89.0,-100.0,-67.0,-67.0,-67.0,-67.0,-100.0,-100.0,-100.0,-100.0,-100.0,-100.0,-100.0,-82.0,-100.0,-100.0,-100.0,-100.0,-100.0,-100.0,-100.0,-100.0,-100.0,-100.0,-100.0,-85.0,-85.0,-84.0,-86.0,-100.0,-100.0,-86.0,-100.0,-85.0,-85.0,-100.0,-82.0,-100.0,-100.0,-100.0,-88.0,-87.0,-86.0,-87.0,-100.0,-100.0,-100.0,-100.0,-100.0,-100.0,-100.0,-78.0,-76.0,-77.0,-78.0,-100.0,-76.0,-87.0,-86.0,-86.0,-86.0,-100.0,-100.0,-100.0,-100.0,-100.0,-100.0,CEP107
-100.0,-100.0,-100.0,-100.0,-88.0,-100.0,-71.0,-71.0,-71.0,-70.0,-100.0,-100.0,-100.0,-100.0,-100.0,-100.0,-100.0,-76.0,-100.0,-90.0,-100.0,-100.0,-100.0,-100.0,-100.0,-100.0,-100.0,-100.0,-100.0,-100.0,-100.0,-100.0,-100.0,-100.0,-100.0,-86.0,-86.0,-86.0,-86.0,-100.0,-65.0,-100.0,-100.0,-100.0,-87.0,-100.0,-87.0,-89.0,-100.0,-100.0,-100.0,-100.0,-100.0,-100.0,-100.0,-70.0,-70.0,-70.0,-70.0,-100.0,-77.0,-87.0,-87.0,-86.0,-88.0,-100.0,-100.0,-100.0,-100.0,-100.0,-100.0,CEP107
-100.0,-100.0,-100.0,-100.0,-100.0,-100.0,-72.0,-72.0,-73.0,-72.0,-100.0,-100.0,-100.0,-100.0,-100.0,-100.0,-100.0,-75.0,-100.0,-100.0,-100.0,-100.0,-100.0,-100.0,-100.0,-100.0,-100.0,-100.0,-100.0,-100.0,-100.0,-100.0,-100.0,-100.0,-100.0,-88.0,-100.0,-87.0,-89.0,-100.0,-69.0,-100.0,-100.0,-100.0,-100.0,-100.0,-100.0,-90.0,-100.0,-100.0,-100.0,-100.0,-100.0,-100.0,-100.0,-76.0,-76.0,-76.0,-76.0,-100.0,-100.0,-88.0,-87.0,-86.0,-88.0,-100.0,-100.0,-100.0,-100.0,-100.0,-100.0,CEP107
-100.0,-100.0,-100.0,-100.0,-100.0,-100.0,-71.0,-71.0,-70.0,-70.0,-100.0,-100.0,-100.0,-100.0,-100.0,-100.0,-100.0,-74.0,-100.0,-100.0,-100.0,-100.0,-100.0,-100.0,-100.0,-100.0,-100.0,-100.0,-100.0,-100.0,-100.0,-100.0,-100.0,-100.0,-100.0,-90.0,-89.0,-89.0,-90.0,-100.0,-55.0,-100.0,-100.0,-100.0,-100.0,-100.0,-100.0,-100.0,-100.0,-100.0,-100.0,-100.0,-100.0,-100.0,-100.0,-79.0,-79.0,-80.0,-79.0,-100.0,-74.0,-100.0,-100.0,-100.0,-100.0,-100.0,-100.0,-100.0,-100.0,-100.0,-100.0,CEP107
-100.0,-100.0,-100.0,-100.0,-89.0,-100.0,-68.0,-68.0,-68.0,-67.0,-100.0,-100.0,-100.0,-100.0,-100.0,-100.0,-100.0,-74.0,-100.0,-100.0,-100.0,-100.0,-100.0,-100.0,-100.0,-100.0,-100.0,-100.0,-100.0,-100.0,-100.0,-100.0,-100.0,-100.0,-100.0,-86.0,-86.0,-85.0,-85.0,-100.0,-69.0,-100.0,-100.0,-100.0,-86.0,-100.0,-100.0,-90.0,-100.0,-100.0,-100.0,-100.0,-100.0,-100.0,-100.0,-81.0,-82.0,-81.0,-81.0,-100.0,-67.0,-86.0,-87.0,-87.0,-87.0,-100.0,-100.0,-100.0,-100.0,-100.0,-100.0,CEP107
-100.0,-100.0,-100.0,-100.0,-81.0,-100.0,-73.0,-73.0,-73.0,-72.0,-100.0,-100.0,-100.0,-100.0,-100.0,-100.0,-100.0,-82.0,-100.0,-87.0,-100.0,-100.0,-100.0,-100.0,-100.0,-100.0,-100.0,-100.0,-100.0,-100.0,-100.0,-100.0,-100.0,-100.0,-100.0,-100.0,-100.0,-100.0,-100.0,-100.0,-81.0,-100.0,-100.0,-100.0,-79.0,-79.0,-79.0,-78.0,-100.0,-100.0,-100.0,-100.0,-100.0,-100.0,-100.0,-83.0,-83.0,-83.0,-83.0,-100.0,-69.0,-100.0,-100.0,-100.0,-90.0,-100.0,-100.0,-100.0,-100.0,-100.0,-100.0,CEP107
-100.0,-100.0,-100.0,-100.0,-89.0,-100.0,-72.0,-72.0,-72.0,-72.0,-100.0,-100.0,-100.0,-100.0,-100.0,-100.0,-100.0,-71.0,-100.0,-100.0,-100.0,-100.0,-100.0,-100.0,-100.0,-100.0,-100.0,-100.0,-100.0,-100.0,-100.0,-100.0,-100.0,-100.0,-100.0,-89.0,-100.0,-100.0,-89.0,-100.0,-79.0,-100.0,-100.0,-100.0,-90.0,-90.0,-86.0,-90.0,-100.0,-100.0,-100.0,-100.0,-100.0,-100.0,-100.0,-76.0,-76.0,-76.0,-76.0,-100.0,-65.0,-100.0,-100.0,-100.0,-100.0,-100.0,-100.0,-100.0,-100.0,-100.0,-100.0,CEP107
-100.0,-100.0,-100.0,-100.0,-87.0,-100.0,-80.0,-79.0,-79.0,-79.0,-100.0,-100.0,-100.0,-100.0,-100.0,-100.0,-100.0,-74.0,-100.0,-100.0,-100.0,-100.0,-100.0,-100.0,-100.0,-100.0,-100.0,-100.0,-100.0,-100.0,-100.0,-100.0,-100.0,-100.0,-100.0,-85.0,-100.0,-87.0,-87.0,-100.0,-81.0,-100.0,-100.0,-100.0,-85.0,-84.0,-86.0,-87.0,-100.0,-100.0,-100.0,-100.0,-100.0,-100.0,-100.0,-81.0,-81.0,-81.0,-81.0,-100.0,-71.0,-100.0,-100.0,-100.0,-100.0,-100.0,-100.0,-100.0,-100.0,-100.0,-100.0,CEP107
-100.0,-100.0,-100.0,-100.0,-100.0,-100.0,-80.0,-80.0,-81.0,-79.0,-100.0,-100.0,-100.0,-100.0,-100.0,-100.0,-100.0,-73.0,-100.0,-100.0,-100.0,-100.0,-100.0,-100.0,-100.0,-100.0,-100.0,-100.0,-100.0,-100.0,-100.0,-100.0,-100.0,-100.0,-100.0,-100.0,-100.0,-88.0,-89.0,-100.0,-87.0,-100.0,-100.0,-100.0,-100.0,-100.0,-100.0,-100.0,-100.0,-100.0,-100.0,-100.0,-100.0,-100.0,-100.0,-82.0,-82.0,-81.0,-80.0,-100.0,-66.0,-100.0,-100.0,-100.0,-100.0,-100.0,-100.0,-100.0,-100.0,-100.0,-100.0,CEP107
-100.0,-100.0,-100.0,-100.0,-85.0,-100.0,-76.0,-75.0,-76.0,-75.0,-100.0,-100.0,-100.0,-100.0,-100.0,-100.0,-100.0,-82.0,-100.0,-100.0,-100.0,-100.0,-100.0,-100.0,-100.0,-100.0,-100.0,-100.0,-100.0,-100.0,-100.0,-100.0,-100.0,-100.0,-100.0,-90.0,-100.0,-90.0,-100.0,-100.0,-77.0,-100.0,-100.0,-100.0,-87.0,-100.0,-87.0,-88.0,-100.0,-100.0,-100.0,-100.0,-100.0,-100.0,-100.0,-77.0,-77.0,-77.0,-77.0,-100.0,-71.0,-84.0,-84.0,-84.0,-84.0,-100.0,-100.0,-100.0,-100.0,-100.0,-100.0,CEP107
-100.0,-100.0,-100.0,-100.0,-80.0,-100.0,-73.0,-73.0,-73.0,-73.0,-100.0,-100.0,-100.0,-100.0,-100.0,-100.0,-100.0,-67.0,-100.0,-100.0,-100.0,-100.0,-100.0,-100.0,-100.0,-100.0,-100.0,-100.0,-100.0,-100.0,-100.0,-100.0,-100.0,-100.0,-100.0,-89.0,-100.0,-88.0,-90.0,-100.0,-90.0,-100.0,-100.0,-100.0,-100.0,-100.0,-100.0,-90.0,-100.0,-100.0,-100.0,-100.0,-100.0,-100.0,-100.0,-75.0,-74.0,-75.0,-75.0,-100.0,-76.0,-84.0,-85.0,-83.0,-85.0,-100.0,-100.0,-100.0,-100.0,-100.0,-100.0,CEP107
-100.0,-100.0,-100.0,-100.0,-90.0,-100.0,-78.0,-78.0,-78.0,-77.0,-100.0,-100.0,-100.0,-100.0,-100.0,-100.0,-100.0,-82.0,-100.0,-100.0,-100.0,-100.0,-100.0,-100.0,-100.0,-100.0,-100.0,-100.0,-100.0,-100.0,-100.0,-100.0,-100.0,-100.0,-100.0,-88.0,-100.0,-88.0,-88.0,-100.0,-81.0,-90.0,-100.0,-100.0,-100.0,-100.0,-100.0,-100.0,-100.0,-100.0,-100.0,-100.0,-100.0,-100.0,-100.0,-66.0,-66.0,-66.0,-66.0,-100.0,-70.0,-83.0,-82.0,-82.0,-81.0,-100.0,-100.0,-100.0,-100.0,-100.0,-100.0,CEP107
-100.0,-100.0,-100.0,-100.0,-86.0,-100.0,-72.0,-71.0,-72.0,-71.0,-100.0,-100.0,-100.0,-100.0,-100.0,-100.0,-100.0,-85.0,-100.0,-100.0,-100.0,-100.0,-100.0,-100.0,-100.0,-100.0,-100.0,-100.0,-100.0,-100.0,-100.0,-100.0,-100.0,-100.0,-100.0,-86.0,-86.0,-86.0,-86.0,-100.0,-73.0,-88.0,-100.0,-100.0,-100.0,-100.0,-100.0,-90.0,-100.0,-100.0,-100.0,-100.0,-100.0,-100.0,-100.0,-77.0,-78.0,-77.0,-77.0,-100.0,-100.0,-84.0,-84.0,-84.0,-84.0,-100.0,-100.0,-100.0,-100.0,-100.0,-100.0,CEP107
-100.0,-100.0,-100.0,-100.0,-100.0,-100.0,-76.0,-77.0,-77.0,-76.0,-100.0,-85.0,-82.0,-86.0,-100.0,-100.0,-100.0,-100.0,-100.0,-100.0,-100.0,-100.0,-100.0,-100.0,-100.0,-100.0,-100.0,-100.0,-100.0,-100.0,-100.0,-100.0,-100.0,-100.0,-100.0,-85.0,-84.0,-84.0,-85.0,-100.0,-88.0,-100.0,-100.0,-100.0,-100.0,-100.0,-100.0,-100.0,-100.0,-100.0,-100.0,-100.0,-100.0,-100.0,-100.0,-68.0,-68.0,-68.0,-68.0,-100.0,-86.0,-82.0,-82.0,-83.0,-80.0,-100.0,-100.0,-100.0,-100.0,-100.0,-100.0,CEP108
-100.0,-100.0,-100.0,-100.0,-100.0,-100.0,-80.0,-80.0,-80.0,-79.0,-100.0,-100.0,-100.0,-100.0,-100.0,-100.0,-100.0,-100.0,-100.0,-100.0,-85.0,-100.0,-100.0,-100.0,-100.0,-100.0,-100.0,-100.0,-100.0,-100.0,-100.0,-100.0,-100.0,-100.0,-100.0,-100.0,-100.0,-100.0,-100.0,-100.0,-100.0,-100.0,-100.0,-100.0,-100.0,-100.0,-100.0,-100.0,-100.0,-100.0,-100.0,-100.0,-100.0,-100.0,-100.0,-76.0,-76.0,-76.0,-77.0,-100.0,-100.0,-100.0,-90.0,-90.0,-90.0,-100.0,-100.0,-100.0,-100.0,-100.0,-100.0,CEP108
-100.0,-100.0,-89.0,-100.0,-100.0,-100.0,-66.0,-66.0,-66.0,-65.0,-100.0,-100.0,-100.0,-100.0,-100.0,-100.0,-100.0,-89.0,-100.0,-100.0,-86.0,-100.0,-100.0,-100.0,-100.0,-100.0,-100.0,-100.0,-100.0,-100.0,-100.0,-100.0,-100.0,-100.0,-100.0,-100.0,-100.0,-100.0,-100.0,-100.0,-90.0,-100.0,-100.0,-100.0,-100.0,-100.0,-100.0,-100.0,-100.0,-100.0,-100.0,-100.0,-100.0,-100.0,-100.0,-64.0,-63.0,-64.0,-63.0,-100.0,-100.0,-85.0,-100.0,-85.0,-85.0,-100.0,-100.0,-100.0,-100.0,-100.0,-100.0,CEP108
-100.0,-100.0,-100.0,-100.0,-100.0,-100.0,-79.0,-78.0,-80.0,-78.0,-100.0,-100.0,-100.0,-100.0,-100.0,-100.0,-100.0,-86.0,-100.0,-100.0,-100.0,-100.0,-100.0,-100.0,-100.0,-100.0,-100.0,-100.0,-100.0,-100.0,-100.0,-100.0,-100.0,-100.0,-100.0,-100.0,-100.0,-100.0,-100.0,-100.0,-100.0,-100.0,-100.0,-100.0,-100.0,-100.0,-100.0,-100.0,-100.0,-100.0,-100.0,-100.0,-100.0,-100.0,-100.0,-64.0,-64.0,-65.0,-65.0,-100.0,-88.0,-82.0,-81.0,-81.0,-81.0,-100.0,-100.0,-100.0,-100.0,-100.0,-100.0,CEP108
-100.0,-100.0,-83.0,-100.0,-100.0,-100.0,-81.0,-80.0,-81.0,-79.0,-100.0,-100.0,-100.0,-100.0,-100.0,-100.0,-100.0,-100.0,-100.0,-100.0,-100.0,-100.0,-100.0,-100.0,-100.0,-100.0,-100.0,-100.0,-100.0,-100.0,-100.0,-100.0,-100.0,-100.0,-100.0,-100.0,-100.0,-100.0,-100.0,-100.0,-88.0,-100.0,-100.0,-100.0,-100.0,-100.0,-100.0,-100.0,-100.0,-100.0,-100.0,-100.0,-100.0,-100.0,-100.0,-70.0,-70.0,-70.0,-70.0,-100.0,-100.0,-72.0,-72.0,-72.0,-72.0,-100.0,-90.0,-100.0,-100.0,-100.0,-100.0,CEP108
-100.0,-83.0,-78.0,-100.0,-100.0,-100.0,-83.0,-84.0,-83.0,-83.0,-100.0,-100.0,-100.0,-100.0,-100.0,-100.0,-100.0,-100.0,-100.0,-100.0,-100.0,-100.0,-100.0,-100.0,-100.0,-100.0,-100.0,-100.0,-100.0,-100.0,-100.0,-100.0,-100.0,-100.0,-100.0,-100.0,-100.0,-100.0,-89.0,-100.0,-100.0,-100.0,-100.0,-100.0,-100.0,-100.0,-100.0,-100.0,-100.0,-100.0,-100.0,-100.0,-100.0,-100.0,-100.0,-68.0,-68.0,-68.0,-68.0,-100.0,-83.0,-76.0,-77.0,-77.0,-77.0,-100.0,-100.0,-100.0,-100.0,-100.0,-100.0,CEP108
-100.0,-100.0,-100.0,-100.0,-100.0,-100.0,-62.0,-62.0,-62.0,-59.0,-100.0,-100.0,-100.0,-100.0,-100.0,-100.0,-100.0,-100.0,-100.0,-84.0,-100.0,-86.0,-100.0,-100.0,-100.0,-100.0,-100.0,-100.0,-100.0,-100.0,-100.0,-100.0,-100.0,-100.0,-100.0,-77.0,-77.0,-78.0,-78.0,-100.0,-100.0,-100.0,-100.0,-100.0,-100.0,-100.0,-100.0,-100.0,-100.0,-100.0,-100.0,-100.0,-100.0,-100.0,-100.0,-66.0,-66.0,-66.0,-66.0,-100.0,-100.0,-78.0,-78.0,-78.0,-78.0,-100.0,-100.0,-100.0,-100.0,-100.0,-100.0,CEP108
-100.0,-100.0,-90.0,-100.0,-100.0,-100.0,-68.0,-68.0,-68.0,-67.0,-100.0,-100.0,-100.0,-100.0,-100.0,-100.0,-100.0,-100.0,-100.0,-89.0,-100.0,-100.0,-100.0,-100.0,-100.0,-100.0,-100.0,-100.0,-100.0,-100.0,-100.0,-100.0,-100.0,-100.0,-100.0,-78.0,-79.0,-78.0,-78.0,-100.0,-90.0,-100.0,-100.0,-100.0,-100.0,-100.0,-100.0,-100.0,-100.0,-100.0,-100.0,-100.0,-100.0,-100.0,-100.0,-67.0,-67.0,-67.0,-67.0,-100.0,-100.0,-81.0,-82.0,-82.0,-82.0,-100.0,-100.0,-100.0,-100.0,-100.0,-100.0,CEP108
-100.0,-100.0,-100.0,-100.0,-100.0,-100.0,-67.0,-67.0,-67.0,-66.0,-100.0,-100.0,-100.0,-100.0,-100.0,-100.0,-100.0,-100.0,-100.0,-100.0,-100.0,-100.0,-100.0,-100.0,-100.0,-100.0,-100.0,-100.0,-100.0,-100.0,-100.0,-100.0,-100.0,-100.0,-100.0,-88.0,-89.0,-89.0,-86.0,-100.0,-82.0,-100.0,-100.0,-100.0,-100.0,-100.0,-100.0,-100.0,-100.0,-100.0,-100.0,-100.0,-100.0,-100.0,-100.0,-71.0,-71.0,-71.0,-71.0,-100.0,-85.0,-80.0,-81.0,-82.0,-81.0,-100.0,-100.0,-100.0,-100.0,-100.0,-100.0,CEP108
-100.0,-100.0,-100.0,-100.0,-100.0,-100.0,-72.0,-72.0,-72.0,-71.0,-100.0,-100.0,-100.0,-100.0,-100.0,-100.0,-100.0,-81.0,-100.0,-100.0,-100.0,-100.0,-100.0,-100.0,-100.0,-100.0,-100.0,-100.0,-100.0,-100.0,-100.0,-100.0,-100.0,-100.0,-100.0,-100.0,-100.0,-100.0,-100.0,-100.0,-89.0,-100.0,-100.0,-100.0,-100.0,-100.0,-100.0,-100.0,-100.0,-100.0,-100.0,-100.0,-100.0,-100.0,-100.0,-68.0,-68.0,-68.0,-68.0,-100.0,-100.0,-81.0,-80.0,-81.0,-81.0,-100.0,-100.0,-100.0,-100.0,-100.0,-100.0,CEP108
-100.0,-100.0,-100.0,-100.0,-100.0,-100.0,-77.0,-77.0,-77.0,-76.0,-100.0,-100.0,-100.0,-100.0,-100.0,-100.0,-100.0,-100.0,-100.0,-100.0,-100.0,-89.0,-100.0,-100.0,-100.0,-100.0,-100.0,-100.0,-100.0,-100.0,-100.0,-100.0,-100.0,-100.0,-100.0,-100.0,-100.0,-100.0,-88.0,-100.0,-89.0,-82.0,-100.0,-100.0,-100.0,-100.0,-100.0,-100.0,-100.0,-100.0,-100.0,-100.0,-100.0,-100.0,-100.0,-64.0,-65.0,-65.0,-65.0,-100.0,-82.0,-76.0,-76.0,-76.0,-76.0,-100.0,-100.0,-100.0,-100.0,-100.0,-100.0,CEP108
-100.0,-100.0,-100.0,-100.0,-100.0,-100.0,-75.0,-75.0,-75.0,-75.0,-100.0,-100.0,-100.0,-100.0,-100.0,-100.0,-100.0,-70.0,-100.0,-100.0,-100.0,-100.0,-100.0,-100.0,-100.0,-100.0,-100.0,-100.0,-100.0,-100.0,-100.0,-100.0,-100.0,-100.0,-100.0,-100.0,-100.0,-100.0,-100.0,-100.0,-73.0,-100.0,-100.0,-100.0,-100.0,-100.0,-100.0,-100.0,-100.0,-100.0,-100.0,-100.0,-100.0,-100.0,-100.0,-70.0,-70.0,-70.0,-70.0,-100.0,-81.0,-87.0,-100.0,-87.0,-87.0,-100.0,-100.0,-100.0,-100.0,-100.0,-100.0,CEP108
-100.0,-100.0,-90.0,-100.0,-87.0,-100.0,-82.0,-81.0,-81.0,-80.0,-100.0,-100.0,-100.0,-100.0,-100.0,-100.0,-100.0,-84.0,-100.0,-100.0,-90.0,-100.0,-100.0,-100.0,-100.0,-100.0,-100.0,-100.0,-100.0,-100.0,-100.0,-100.0,-100.0,-100.0,-100.0,-100.0,-100.0,-100.0,-100.0,-100.0,-85.0,-100.0,-100.0,-100.0,-100.0,-100.0,-100.0,-100.0,-100.0,-100.0,-100.0,-100.0,-100.0,-100.0,-100.0,-73.0,-72.0,-72.0,-72.0,-100.0,-72.0,-100.0,-100.0,-100.0,-100.0,-100.0,-100.0,-100.0,-100.0,-100.0,-100.0,CEP108
-100.0,-100.0,-100.0,-100.0,-100.0,-100.0,-76.0,-77.0,-77.0,-75.0,-100.0,-100.0,-100.0,-100.0,-100.0,-100.0,-100.0,-82.0,-100.0,-100.0,-100.0,-100.0,-100.0,-100.0,-100.0,-100.0,-100.0,-100.0,-100.0,-100.0,-100.0,-100.0,-100.0,-100.0,-100.0,-100.0,-100.0,-100.0,-100.0,-100.0,-100.0,-100.0,-100.0,-100.0,-100.0,-100.0,-100.0,-100.0,-100.0,-100.0,-100.0,-100.0,-100.0,-100.0,-100.0,-68.0,-68.0,-68.0,-68.0,-100.0,-79.0,-74.0,-74.0,-74.0,-74.0,-100.0,-100.0,-100.0,-100.0,-100.0,-100.0,CEP108
-100.0,-100.0,-100.0,-100.0,-86.0,-100.0,-78.0,-77.0,-78.0,-77.0,-100.0,-100.0,-100.0,-100.0,-100.0,-100.0,-100.0,-82.0,-100.0,-100.0,-100.0,-100.0,-100.0,-100.0,-100.0,-100.0,-100.0,-100.0,-100.0,-100.0,-100.0,-100.0,-100.0,-100.0,-100.0,-90.0,-100.0,-88.0,-90.0,-100.0,-89.0,-100.0,-100.0,-100.0,-100.0,-100.0,-100.0,-100.0,-100.0,-100.0,-100.0,-100.0,-100.0,-100.0,-100.0,-74.0,-73.0,-74.0,-73.0,-100.0,-100.0,-80.0,-83.0,-80.0,-82.0,-100.0,-100.0,-100.0,-100.0,-100.0,-100.0,CEP108
-100.0,-100.0,-100.0,-100.0,-100.0,-100.0,-79.0,-79.0,-80.0,-78.0,-100.0,-100.0,-100.0,-100.0,-100.0,-100.0,-100.0,-100.0,-100.0,-100.0,-100.0,-100.0,-100.0,-100.0,-100.0,-100.0,-100.0,-100.0,-100.0,-100.0,-100.0,-100.0,-100.0,-100.0,-100.0,-100.0,-100.0,-100.0,-100.0,-100.0,-84.0,-100.0,-100.0,-100.0,-100.0,-100.0,-100.0,-100.0,-100.0,-100.0,-100.0,-100.0,-100.0,-100.0,-100.0,-70.0,-70.0,-70.0,-70.0,-100.0,-87.0,-86.0,-86.0,-85.0,-84.0,-100.0,-100.0,-100.0,-100.0,-100.0,-100.0,CEP108
-100.0,-100.0,-100.0,-100.0,-87.0,-100.0,-71.0,-71.0,-70.0,-70.0,-100.0,-100.0,-100.0,-100.0,-100.0,-100.0,-100.0,-79.0,-100.0,-100.0,-100.0,-100.0,-100.0,-100.0,-100.0,-100.0,-100.0,-100.0,-100.0,-100.0,-100.0,-100.0,-100.0,-100.0,-100.0,-100.0,-100.0,-100.0,-90.0,-100.0,-100.0,-100.0,-100.0,-100.0,-100.0,-100.0,-100.0,-100.0,-100.0,-100.0,-100.0,-100.0,-100.0,-100.0,-100.0,-66.0,-66.0,-66.0,-66.0,-100.0,-100.0,-85.0,-84.0,-84.0,-83.0,-100.0,-100.0,-100.0,-100.0,-100.0,-100.0,CEP108
-100.0,-100.0,-90.0,-100.0,-89.0,-100.0,-74.0,-73.0,-73.0,-72.0,-100.0,-100.0,-100.0,-100.0,-100.0,-100.0,-100.0,-86.0,-100.0,-100.0,-100.0,-100.0,-100.0,-100.0,-100.0,-100.0,-100.0,-100.0,-100.0,-100.0,-100.0,-100.0,-100.0,-100.0,-100.0,-100.0,-100.0,-100.0,-100.0,-100.0,-82.0,-100.0,-100.0,-100.0,-100.0,-100.0,-100.0,-100.0,-100.0,-100.0,-100.0,-100.0,-100.0,-100.0,-100.0,-70.0,-70.0,-70.0,-70.0,-100.0,-80.0,-81.0,-82.0,-81.0,-82.0,-100.0,-100.0,-100.0,-100.0,-100.0,-100.0,CEP108
-100.0,-100.0,-100.0,-100.0,-100.0,-100.0,-70.0,-70.0,-70.0,-69.0,-100.0,-100.0,-100.0,-100.0,-100.0,-100.0,-100.0,-100.0,-100.0,-100.0,-100.0,-100.0,-100.0,-100.0,-100.0,-100.0,-100.0,-100.0,-100.0,-87.0,-87.0,-86.0,-87.0,-100.0,-100.0,-100.0,-100.0,-100.0,-100.0,-100.0,-80.0,-100.0,-100.0,-100.0,-100.0,-100.0,-100.0,-100.0,-100.0,-100.0,-100.0,-100.0,-100.0,-100.0,-100.0,-68.0,-65.0,-65.0,-68.0,-100.0,-82.0,-77.0,-77.0,-77.0,-77.0,-100.0,-100.0,-100.0,-100.0,-100.0,-100.0,CEP108
-100.0,-100.0,-100.0,-100.0,-100.0,-100.0,-74.0,-74.0,-74.0,-73.0,-100.0,-100.0,-100.0,-100.0,-100.0,-100.0,-100.0,-100.0,-100.0,-100.0,-100.0,-100.0,-100.0,-100.0,-100.0,-100.0,-100.0,-100.0,-100.0,-87.0,-88.0,-87.0,-86.0,-100.0,-100.0,-88.0,-90.0,-90.0,-90.0,-100.0,-87.0,-100.0,-100.0,-100.0,-100.0,-100.0,-100.0,-100.0,-100.0,-100.0,-100.0,-100.0,-100.0,-100.0,-100.0,-66.0,-100.0,-66.0,-66.0,-100.0,-80.0,-78.0,-79.0,-79.0,-79.0,-100.0,-100.0,-100.0,-100.0,-100.0,-100.0,CEP108
-100.0,-100.0,-90.0,-100.0,-100.0,-100.0,-77.0,-77.0,-77.0,-77.0,-100.0,-90.0,-100.0,-100.0,-100.0,-100.0,-100.0,-79.0,-100.0,-100.0,-100.0,-89.0,-100.0,-100.0,-100.0,-100.0,-100.0,-100.0,-100.0,-100.0,-100.0,-100.0,-100.0,-100.0,-100.0,-100.0,-100.0,-100.0,-100.0,-100.0,-67.0,-100.0,-100.0,-100.0,-100.0,-100.0,-100.0,-100.0,-100.0,-100.0,-100.0,-100.0,-100.0,-100.0,-100.0,-67.0,-67.0,-67.0,-67.0,-100.0,-72.0,-89.0,-89.0,-90.0,-89.0,-100.0,-100.0,-100.0,-100.0,-100.0,-100.0,CEP108
-100.0,-100.0,-89.0,-100.0,-83.0,-100.0,-79.0,-80.0,-80.0,-79.0,-100.0,-100.0,-100.0,-88.0,-100.0,-100.0,-100.0,-77.0,-100.0,-100.0,-100.0,-100.0,-100.0,-100.0,-100.0,-100.0,-100.0,-100.0,-100.0,-100.0,-100.0,-100.0,-100.0,-100.0,-100.0,-100.0,-100.0,-100.0,-100.0,-100.0,-85.0,-100.0,-100.0,-100.0,-100.0,-100.0,-100.0,-100.0,-100.0,-100.0,-100.0,-100.0,-100.0,-100.0,-100.0,-72.0,-72.0,-72.0,-72.0,-100.0,-100.0,-81.0,-81.0,-80.0,-80.0,-100.0,-100.0,-100.0,-100.0,-100.0,-100.0,CEP108
-100.0,-100.0,-100.0,-100.0,-88.0,-100.0,-89.0,-90.0,-89.0,-87.0,-100.0,-100.0,-100.0,-100.0,-100.0,-100.0,-100.0,-88.0,-100.0,-100.0,-100.0,-100.0,-100.0,-100.0,-100.0,-100.0,-100.0,-100.0,-100.0,-100.0,-100.0,-100.0,-100.0,-100.0,-100.0,-100.0,-100.0,-100.0,-100.0,-100.0,-90.0,-100.0,-100.0,-100.0,-100.0,-100.0,-100.0,-100.0,-100.0,-100.0,-100.0,-100.0,-100.0,-100.0,-100.0,-74.0,-74.0,-74.0,-74.0,-100.0,-89.0,-82.0,-82.0,-81.0,-81.0,-100.0,-100.0,-100.0,-100.0,-100.0,-100.0,CEP108
-100.0,-100.0,-100.0,-100.0,-88.0,-100.0,-100.0,-100.0,-100.0,-100.0,-100.0,-100.0,-100.0,-100.0,-100.0,-100.0,-100.0,-87.0,-100.0,-100.0,-100.0,-100.0,-100.0,-100.0,-100.0,-100.0,-100.0,-100.0,-100.0,-100.0,-100.0,-100.0,-100.0,-100.0,-100.0,-100.0,-100.0,-100.0,-100.0,-100.0,-100.0,-100.0,-100.0,-100.0,-100.0,-100.0,-100.0,-100.0,-100.0,-100.0,-100.0,-100.0,-100.0,-100.0,-100.0,-76.0,-77.0,-77.0,-77.0,-100.0,-84.0,-100.0,-100.0,-100.0,-100.0,-100.0,-100.0,-100.0,-100.0,-100.0,-100.0,CEP108
-100.0,-100.0,-100.0,-100.0,-100.0,-100.0,-82.0,-100.0,-100.0,-82.0,-100.0,-100.0,-100.0,-100.0,-100.0,-100.0,-100.0,-100.0,-100.0,-100.0,-100.0,-100.0,-100.0,-100.0,-100.0,-100.0,-100.0,-100.0,-100.0,-100.0,-100.0,-100.0,-100.0,-100.0,-100.0,-100.0,-100.0,-100.0,-100.0,-100.0,-100.0,-100.0,-100.0,-100.0,-100.0,-100.0,-100.0,-100.0,-100.0,-100.0,-100.0,-100.0,-100.0,-100.0,-100.0,-85.0,-84.0,-85.0,-85.0,-100.0,-100.0,-84.0,-84.0,-83.0,-84.0,-100.0,-100.0,-100.0,-100.0,-100.0,-100.0,CEP108
-100.0,-100.0,-89.0,-100.0,-100.0,-100.0,-84.0,-84.0,-85.0,-84.0,-100.0,-100.0,-100.0,-100.0,-100.0,-100.0,-100.0,-100.0,-100.0,-100.0,-100.0,-100.0,-100.0,-100.0,-100.0,-100.0,-100.0,-100.0,-100.0,-100.0,-100.0,-100.0,-100.0,-100.0,-100.0,-100.0,-100.0,-100.0,-100.0,-100.0,-100.0,-100.0,-100.0,-100.0,-100.0,-100.0,-100.0,-100.0,-100.0,-100.0,-100.0,-100.0,-100.0,-100.0,-100.0,-77.0,-76.0,-77.0,-76.0,-100.0,-100.0,-85.0,-84.0,-85.0,-83.0,-100.0,-100.0,-100.0,-100.0,-100.0,-100.0,CEP108
-100.0,-100.0,-85.0,-100.0,-100.0,-100.0,-77.0,-76.0,-77.0,-76.0,-100.0,-100.0,-100.0,-100.0,-100.0,-100.0,-100.0,-100.0,-100.0,-100.0,-89.0,-100.0,-100.0,-100.0,-100.0,-100.0,-100.0,-100.0,-100.0,-100.0,-100.0,-100.0,-100.0,-100.0,-100.0,-100.0,-100.0,-100.0,-100.0,-100.0,-100.0,-100.0,-100.0,-100.0,-100.0,-100.0,-100.0,-100.0,-100.0,-100.0,-100.0,-100.0,-100.0,-100.0,-100.0,-75.0,-74.0,-74.0,-74.0,-100.0,-100.0,-89.0,-90.0,-89.0,-89.0,-100.0,-100.0,-100.0,-100.0,-100.0,-100.0,CEP108
-89.0,-100.0,-100.0,-100.0,-100.0,-100.0,-69.0,-70.0,-70.0,-68.0,-100.0,-100.0,-89.0,-85.0,-100.0,-100.0,-67.0,-100.0,-100.0,-81.0,-100.0,-89.0,-100.0,-100.0,-100.0,-100.0,-100.0,-100.0,-100.0,-100.0,-100.0,-100.0,-100.0,-100.0,-100.0,-79.0,-79.0,-79.0,-79.0,-100.0,-100.0,-100.0,-100.0,-100.0,-86.0,-100.0,-86.0,-87.0,-100.0,-100.0,-100.0,-100.0,-100.0,-100.0,-100.0,-69.0,-69.0,-69.0,-70.0,-100.0,-100.0,-57.0,-57.0,-57.0,-57.0,-100.0,-100.0,-100.0,-100.0,-100.0,-100.0,CEP110
-100.0,-100.0,-100.0,-100.0,-100.0,-100.0,-80.0,-79.0,-80.0,-79.0,-100.0,-100.0,-90.0,-100.0,-100.0,-100.0,-100.0,-100.0,-100.0,-100.0,-100.0,-100.0,-100.0,-100.0,-100.0,-100.0,-86.0,-87.0,-85.0,-100.0,-100.0,-100.0,-100.0,-100.0,-100.0,-100.0,-100.0,-100.0,-100.0,-100.0,-100.0,-100.0,-100.0,-100.0,-100.0,-100.0,-100.0,-100.0,-100.0,-100.0,-100.0,-100.0,-100.0,-100.0,-100.0,-100.0,-100.0,-100.0,-100.0,-100.0,-100.0,-57.0,-57.0,-57.0,-57.0,-100.0,-100.0,-100.0,-100.0,-100.0,-100.0,CEP110
-100.0,-100.0,-100.0,-100.0,-100.0,-100.0,-100.0,-100.0,-100.0,-100.0,-100.0,-100.0,-100.0,-100.0,-100.0,-100.0,-100.0,-100.0,-100.0,-100.0,-100.0,-100.0,-100.0,-100.0,-100.0,-100.0,-100.0,-100.0,-100.0,-100.0,-100.0,-100.0,-100.0,-100.0,-100.0,-100.0,-100.0,-100.0,-100.0,-100.0,-100.0,-100.0,-100.0,-100.0,-100.0,-100.0,-100.0,-100.0,-100.0,-100.0,-100.0,-100.0,-100.0,-100.0,-100.0,-100.0,-100.0,-100.0,-100.0,-100.0,-100.0,-53.0,-100.0,-100.0,-100.0,-100.0,-100.0,-100.0,-100.0,-100.0,-100.0,CEP110
-100.0,-100.0,-100.0,-100.0,-100.0,-100.0,-72.0,-72.0,-72.0,-71.0,-100.0,-100.0,-100.0,-100.0,-100.0,-100.0,-100.0,-100.0,-100.0,-100.0,-100.0,-100.0,-100.0,-100.0,-100.0,-86.0,-86.0,-86.0,-89.0,-100.0,-100.0,-100.0,-100.0,-100.0,-100.0,-89.0,-100.0,-100.0,-89.0,-100.0,-100.0,-100.0,-100.0,-100.0,-100.0,-100.0,-100.0,-100.0,-100.0,-100.0,-100.0,-100.0,-100.0,-100.0,-100.0,-100.0,-100.0,-100.0,-100.0,-100.0,-100.0,-56.0,-57.0,-56.0,-57.0,-100.0,-100.0,-100.0,-100.0,-100.0,-100.0,CEP110
-100.0,-100.0,-100.0,-100.0,-100.0,-100.0,-73.0,-73.0,-73.0,-72.0,-100.0,-100.0,-100.0,-100.0,-100.0,-100.0,-100.0,-100.0,-100.0,-100.0,-100.0,-100.0,-100.0,-100.0,-100.0,-100.0,-100.0,-100.0,-100.0,-86.0,-86.0,-89.0,-87.0,-100.0,-100.0,-100.0,-100.0,-89.0,-90.0,-100.0,-100.0,-100.0,-100.0,-100.0,-100.0,-100.0,-100.0,-100.0,-100.0,-100.0,-100.0,-100.0,-100.0,-100.0,-100.0,-100.0,-100.0,-100.0,-100.0,-100.0,-100.0,-57.0,-56.0,-57.0,-55.0,-100.0,-100.0,-100.0,-100.0,-100.0,-100.0,CEP110
-100.0,-100.0,-100.0,-100.0,-100.0,-100.0,-75.0,-76.0,-75.0,-75.0,-100.0,-100.0,-100.0,-100.0,-100.0,-100.0,-100.0,-100.0,-100.0,-100.0,-100.0,-100.0,-100.0,-100.0,-100.0,-100.0,-100.0,-100.0,-88.0,-87.0,-100.0,-89.0,-88.0,-100.0,-90.0,-81.0,-82.0,-81.0,-81.0,-100.0,-100.0,-100.0,-100.0,-100.0,-100.0,-100.0,-100.0,-100.0,-100.0,-100.0,-100.0,-100.0,-100.0,-100.0,-100.0,-100.0,-100.0,-100.0,-90.0,-100.0,-100.0,-51.0,-51.0,-51.0,-51.0,-100.0,-100.0,-100.0,-100.0,-100.0,-100.0,CEP110
-100.0,-100.0,-100.0,-100.0,-100.0,-100.0,-79.0,-79.0,-79.0,-78.0,-100.0,-100.0,-100.0,-100.0,-100.0,-100.0,-100.0,-100.0,-100.0,-90.0,-100.0,-100.0,-100.0,-100.0,-100.0,-100.0,-100.0,-100.0,-90.0,-86.0,-87.0,-86.0,-86.0,-100.0,-89.0,-87.0,-87.0,-87.0,-87.0,-100.0,-100.0,-100.0,-100.0,-100.0,-100.0,-100.0,-100.0,-100.0,-100.0,-100.0,-100.0,-100.0,-100.0,-100.0,-100.0,-88.0,-87.0,-87.0,-86.0,-100.0,-100.0,-49.0,-49.0,-49.0,-49.0,-100.0,-100.0,-100.0,-100.0,-100.0,-100.0,CEP110
-100.0,-100.0,-100.0,-100.0,-100.0,-100.0,-78.0,-78.0,-78.0,-77.0,-100.0,-100.0,-89.0,-100.0,-80.0,-100.0,-100.0,-100.0,-100.0,-100.0,-100.0,-100.0,-100.0,-100.0,-100.0,-100.0,-100.0,-100.0,-100.0,-100.0,-86.0,-86.0,-100.0,-100.0,-100.0,-82.0,-82.0,-81.0,-82.0,-100.0,-100.0,-100.0,-100.0,-100.0,-100.0,-100.0,-100.0,-100.0,-100.0,-100.0,-100.0,-100.0,-100.0,-100.0,-100.0,-100.0,-100.0,-100.0,-100.0,-100.0,-100.0,-44.0,-44.0,-44.0,-44.0,-100.0,-100.0,-100.0,-100.0,-100.0,-100.0,CEP110
-100.0,-100.0,-100.0,-100.0,-100.0,-100.0,-79.0,-79.0,-79.0,-78.0,-100.0,-100.0,-100.0,-100.0,-100.0,-100.0,-100.0,-100.0,-100.0,-100.0,-100.0,-100.0,-100.0,-100.0,-100.0,-100.0,-100.0,-100.0,-100.0,-90.0,-90.0,-100.0,-100.0,-89.0,-100.0,-86.0,-86.0,-86.0,-86.0,-100.0,-100.0,-100.0,-100.0,-100.0,-100.0,-100.0,-100.0,-100.0,-88.0,-90.0,-89.0,-89.0,-100.0,-100.0,-100.0,-100.0,-100.0,-100.0,-100.0,-100.0,-100.0,-47.0,-47.0,-46.0,-46.0,-100.0,-100.0,-100.0,-100.0,-100.0,-100.0,CEP110
-89.0,-100.0,-100.0,-100.0,-100.0,-100.0,-88.0,-100.0,-89.0,-86.0,-100.0,-100.0,-100.0,-90.0,-100.0,-100.0,-100.0,-100.0,-100.0,-100.0,-100.0,-100.0,-100.0,-100.0,-100.0,-100.0,-100.0,-100.0,-100.0,-88.0,-100.0,-89.0,-89.0,-100.0,-80.0,-100.0,-100.0,-100.0,-100.0,-100.0,-100.0,-100.0,-100.0,-100.0,-100.0,-100.0,-100.0,-100.0,-83.0,-83.0,-83.0,-83.0,-100.0,-100.0,-100.0,-100.0,-100.0,-100.0,-100.0,-100.0,-100.0,-55.0,-55.0,-55.0,-55.0,-100.0,-100.0,-100.0,-100.0,-100.0,-100.0,CEP110
-100.0,-100.0,-100.0,-100.0,-100.0,-100.0,-84.0,-84.0,-83.0,-83.0,-100.0,-100.0,-100.0,-100.0,-100.0,-100.0,-100.0,-100.0,-100.0,-90.0,-100.0,-100.0,-100.0,-100.0,-100.0,-100.0,-100.0,-100.0,-100.0,-100.0,-100.0,-100.0,-100.0,-100.0,-81.0,-89.0,-84.0,-85.0,-100.0,-100.0,-100.0,-100.0,-100.0,-100.0,-100.0,-100.0,-100.0,-100.0,-100.0,-100.0,-100.0,-100.0,-100.0,-100.0,-100.0,-85.0,-100.0,-88.0,-86.0,-100.0,-100.0,-48.0,-48.0,-48.0,-48.0,-100.0,-100.0,-100.0,-100.0,-100.0,-100.0,CEP110
-88.0,-100.0,-100.0,-100.0,-100.0,-100.0,-71.0,-71.0,-71.0,-70.0,-100.0,-100.0,-89.0,-84.0,-100.0,-100.0,-68.0,-100.0,-100.0,-100.0,-100.0,-100.0,-100.0,-100.0,-100.0,-100.0,-100.0,-100.0,-100.0,-100.0,-100.0,-100.0,-100.0,-100.0,-100.0,-70.0,-70.0,-70.0,-70.0,-100.0,-100.0,-100.0,-100.0,-100.0,-100.0,-88.0,-88.0,-90.0,-100.0,-100.0,-100.0,-100.0,-100.0,-100.0,-100.0,-74.0,-74.0,-74.0,-75.0,-100.0,-100.0,-59.0,-60.0,-59.0,-59.0,-100.0,-100.0,-100.0,-100.0,-100.0,-100.0,CEP110
-87.0,-100.0,-100.0,-100.0,-100.0,-100.0,-78.0,-78.0,-78.0,-78.0,-100.0,-100.0,-100.0,-100.0,-85.0,-100.0,-100.0,-100.0,-100.0,-90.0,-100.0,-100.0,-100.0,-100.0,-100.0,-100.0,-100.0,-100.0,-100.0,-100.0,-100.0,-100.0,-100.0,-100.0,-80.0,-72.0,-72.0,-72.0,-72.0,-100.0,-100.0,-100.0,-100.0,-100.0,-100.0,-100.0,-100.0,-100.0,-100.0,-100.0,-100.0,-100.0,-100.0,-100.0,-100.0,-85.0,-100.0,-84.0,-87.0,-100.0,-100.0,-44.0,-44.0,-44.0,-44.0,-100.0,-100.0,-100.0,-100.0,-100.0,-100.0,CEP110
-87.0,-100.0,-100.0,-100.0,-100.0,-100.0,-74.0,-74.0,-74.0,-73.0,-100.0,-100.0,-90.0,-87.0,-100.0,-100.0,-100.0,-100.0,-100.0,-100.0,-100.0,-100.0,-100.0,-100.0,-100.0,-100.0,-100.0,-100.0,-100.0,-100.0,-100.0,-100.0,-100.0,-100.0,-100.0,-78.0,-78.0,-79.0,-79.0,-100.0,-100.0,-100.0,-100.0,-100.0,-100.0,-100.0,-100.0,-100.0,-100.0,-100.0,-100.0,-100.0,-100.0,-100.0,-100.0,-80.0,-80.0,-80.0,-79.0,-100.0,-100.0,-54.0,-54.0,-52.0,-54.0,-100.0,-100.0,-100.0,-100.0,-100.0,-100.0,CEP110
-100.0,-100.0,-100.0,-100.0,-100.0,-100.0,-71.0,-71.0,-71.0,-70.0,-100.0,-100.0,-100.0,-100.0,-100.0,-100.0,-100.0,-100.0,-100.0,-100.0,-100.0,-100.0,-100.0,-100.0,-100.0,-100.0,-100.0,-100.0,-100.0,-100.0,-100.0,-100.0,-100.0,-100.0,-100.0,-75.0,-75.0,-100.0,-100.0,-100.0,-100.0,-100.0,-100.0,-100.0,-100.0,-100.0,-100.0,-100.0,-100.0,-100.0,-100.0,-100.0,-100.0,-100.0,-100.0,-71.0,-71.0,-71.0,-71.0,-100.0,-100.0,-52.0,-53.0,-53.0,-54.0,-100.0,-100.0,-100.0,-100.0,-100.0,-100.0,CEP110
-100.0,-100.0,-100.0,-100.0,-100.0,-100.0,-71.0,-71.0,-71.0,-71.0,-100.0,-100.0,-89.0,-90.0,-100.0,-100.0,-78.0,-100.0,-100.0,-100.0,-100.0,-100.0,-100.0,-100.0,-100.0,-100.0,-100.0,-100.0,-100.0,-100.0,-100.0,-100.0,-100.0,-100.0,-100.0,-75.0,-74.0,-75.0,-75.0,-100.0,-100.0,-100.0,-100.0,-100.0,-88.0,-100.0,-89.0,-87.0,-100.0,-100.0,-100.0,-100.0,-100.0,-100.0,-100.0,-76.0,-77.0,-77.0,-76.0,-100.0,-100.0,-49.0,-48.0,-50.0,-50.0,-100.0,-100.0,-100.0,-100.0,-100.0,-100.0,CEP110
-100.0,-100.0,-100.0,-100.0,-100.0,-100.0,-67.0,-66.0,-67.0,-66.0,-100.0,-100.0,-100.0,-100.0,-100.0,-100.0,-100.0,-100.0,-100.0,-100.0,-100.0,-87.0,-100.0,-100.0,-100.0,-100.0,-100.0,-100.0,-100.0,-100.0,-100.0,-100.0,-90.0,-100.0,-100.0,-65.0,-65.0,-65.0,-65.0,-100.0,-100.0,-100.0,-100.0,-100.0,-100.0,-100.0,-100.0,-100.0,-100.0,-100.0,-100.0,-100.0,-100.0,-100.0,-100.0,-81.0,-80.0,-80.0,-80.0,-100.0,-100.0,-60.0,-60.0,-60.0,-60.0,-100.0,-100.0,-100.0,-100.0,-100.0,-100.0,CEP110
-100.0,-100.0,-100.0,-100.0,-100.0,-100.0,-82.0,-81.0,-81.0,-80.0,-100.0,-100.0,-100.0,-100.0,-100.0,-100.0,-84.0,-100.0,-100.0,-100.0,-100.0,-100.0,-100.0,-100.0,-100.0,-100.0,-83.0,-100.0,-100.0,-100.0,-100.0,-100.0,-100.0,-100.0,-100.0,-73.0,-73.0,-73.0,-73.0,-100.0,-100.0,-100.0,-100.0,-100.0,-100.0,-100.0,-100.0,-100.0,-100.0,-100.0,-100.0,-100.0,-100.0,-100.0,-100.0,-88.0,-85.0,-88.0,-85.0,-100.0,-100.0,-56.0,-56.0,-56.0,-56.0,-100.0,-100.0,-100.0,-100.0,-100.0,-100.0,CEP110
-100.0,-100.0,-70.0,-100.0,-100.0,-100.0,-77.0,-77.0,-77.0,-76.0,-100.0,-100.0,-100.0,-100.0,-100.0,-100.0,-100.0,-100.0,-100.0,-100.0,-100.0,-100.0,-100.0,-100.0,-100.0,-82.0,-84.0,-82.0,-82.0,-100.0,-100.0,-100.0,-100.0,-100.0,-100.0,-89.0,-88.0,-87.0,-87.0,-100.0,-100.0,-100.0,-100.0,-100.0,-100.0,-100.0,-100.0,-100.0,-100.0,-100.0,-100.0,-100.0,-100.0,-100.0,-100.0,-81.0,-83.0,-81.0,-83.0,-100.0,-100.0,-57.0,-57.0,-57.0,-57.0,-100.0,-100.0,-100.0,-100.0,-100.0,-100.0,CEP110
-100.0,-100.0,-88.0,-100.0,-100.0,-100.0,-81.0,-100.0,-81.0,-79.0,-100.0,-100.0,-100.0,-100.0,-100.0,-100.0,-100.0,-100.0,-100.0,-100.0,-100.0,-100.0,-100.0,-100.0,-100.0,-100.0,-100.0,-84.0,-84.0,-100.0,-100.0,-100.0,-100.0,-100.0,-100.0,-100.0,-100.0,-100.0,-100.0,-100.0,-100.0,-100.0,-100.0,-100.0,-100.0,-100.0,-100.0,-100.0,-100.0,-100.0,-100.0,-100.0,-100.0,-100.0,-100.0,-76.0,-76.0,-76.0,-76.0,-100.0,-100.0,-61.0,-61.0,-61.0,-61.0,-100.0,-100.0,-100.0,-100.0,-100.0,-100.0,CEP110
-100.0,-100.0,-100.0,-100.0,-100.0,-100.0,-81.0,-82.0,-81.0,-80.0,-100.0,-100.0,-100.0,-100.0,-100.0,-100.0,-79.0,-100.0,-100.0,-100.0,-90.0,-100.0,-100.0,-100.0,-100.0,-82.0,-83.0,-82.0,-83.0,-100.0,-100.0,-100.0,-100.0,-100.0,-84.0,-100.0,-100.0,-100.0,-90.0,-100.0,-100.0,-100.0,-100.0,-100.0,-100.0,-100.0,-100.0,-100.0,-100.0,-100.0,-100.0,-100.0,-100.0,-100.0,-100.0,-100.0,-100.0,-88.0,-100.0,-100.0,-100.0,-56.0,-56.0,-56.0,-56.0,-100.0,-100.0,-100.0,-100.0,-100.0,-100.0,CEP110
-100.0,-100.0,-100.0,-100.0,-100.0,-100.0,-74.0,-73.0,-73.0,-72.0,-100.0,-100.0,-100.0,-100.0,-100.0,-100.0,-86.0,-100.0,-100.0,-100.0,-100.0,-100.0,-100.0,-100.0,-100.0,-74.0,-74.0,-75.0,-75.0,-100.0,-100.0,-100.0,-89.0,-100.0,-100.0,-100.0,-90.0,-88.0,-90.0,-100.0,-100.0,-100.0,-100.0,-100.0,-100.0,-100.0,-100.0,-100.0,-100.0,-100.0,-100.0,-100.0,-100.0,-100.0,-100.0,-100.0,-100.0,-100.0,-89.0,-100.0,-100.0,-58.0,-57.0,-57.0,-58.0,-100.0,-100.0,-100.0,-100.0,-100.0,-100.0,CEP110
-88.0,-100.0,-100.0,-100.0,-100.0,-100.0,-84.0,-84.0,-84.0,-82.0,-80.0,-100.0,-100.0,-100.0,-100.0,-100.0,-100.0,-100.0,-100.0,-100.0,-100.0,-100.0,-100.0,-100.0,-100.0,-100.0,-100.0,-100.0,-100.0,-88.0,-100.0,-85.0,-88.0,-100.0,-100.0,-100.0,-100.0,-88.0,-100.0,-100.0,-100.0,-100.0,-100.0,-100.0,-100.0,-100.0,-100.0,-100.0,-100.0,-100.0,-100.0,-100.0,-100.0,-100.0,-100.0,-84.0,-100.0,-85.0,-86.0,-66.0,-100.0,-100.0,-100.0,-100.0,-100.0,-100.0,-100.0,-100.0,-100.0,-100.0,-100.0,CEP205
-100.0,-100.0,-100.0,-100.0,-100.0,-100.0,-74.0,-73.0,-74.0,-73.0,-100.0,-100.0,-100.0,-100.0,-100.0,-100.0,-100.0,-100.0,-100.0,-100.0,-100.0,-85.0,-100.0,-100.0,-100.0,-100.0,-100.0,-100.0,-100.0,-100.0,-100.0,-100.0,-100.0,-100.0,-100.0,-79.0,-79.0,-79.0,-78.0,-100.0,-100.0,-100.0,-100.0,-100.0,-100.0,-100.0,-100.0,-100.0,-100.0,-100.0,-100.0,-100.0,-100.0,-100.0,-100.0,-73.0,-74.0,-74.0,-75.0,-100.0,-100.0,-100.0,-100.0,-100.0,-100.0,-100.0,-100.0,-100.0,-100.0,-100.0,-100.0,CEP205
-100.0,-100.0,-81.0,-100.0,-100.0,-100.0,-76.0,-77.0,-77.0,-76.0,-100.0,-100.0,-90.0,-100.0,-90.0,-100.0,-100.0,-100.0,-100.0,-100.0,-100.0,-100.0,-100.0,-100.0,-100.0,-100.0,-100.0,-100.0,-100.0,-84.0,-84.0,-85.0,-100.0,-100.0,-100.0,-80.0,-80.0,-80.0,-80.0,-100.0,-100.0,-100.0,-100.0,-100.0,-100.0,-100.0,-100.0,-100.0,-100.0,-100.0,-100.0,-100.0,-100.0,-100.0,-100.0,-70.0,-100.0,-70.0,-70.0,-73.0,-86.0,-100.0,-100.0,-100.0,-100.0,-100.0,-100.0,-100.0,-100.0,-100.0,-100.0,CEP205
-100.0,-100.0,-90.0,-100.0,-100.0,-100.0,-79.0,-79.0,-80.0,-78.0,-100.0,-100.0,-100.0,-100.0,-100.0,-100.0,-100.0,-100.0,-100.0,-100.0,-100.0,-100.0,-100.0,-100.0,-100.0,-100.0,-100.0,-100.0,-100.0,-100.0,-100.0,-100.0,-100.0,-100.0,-100.0,-81.0,-81.0,-81.0,-81.0,-100.0,-100.0,-100.0,-100.0,-100.0,-100.0,-100.0,-100.0,-100.0,-100.0,-100.0,-100.0,-100.0,-100.0,-100.0,-100.0,-83.0,-83.0,-100.0,-83.0,-76.0,-100.0,-100.0,-100.0,-100.0,-100.0,-100.0,-100.0,-100.0,-100.0,-100.0,-100.0,CEP205
-100.0,-100.0,-100.0,-100.0,-100.0,-100.0,-83.0,-83.0,-83.0,-82.0,-77.0,-100.0,-100.0,-100.0,-100.0,-100.0,-100.0,-100.0,-100.0,-100.0,-100.0,-100.0,-100.0,-100.0,-100.0,-100.0,-100.0,-100.0,-100.0,-84.0,-84.0,-84.0,-85.0,-100.0,-100.0,-81.0,-82.0,-82.0,-82.0,-100.0,-100.0,-100.0,-100.0,-100.0,-100.0,-100.0,-100.0,-100.0,-100.0,-100.0,-100.0,-100.0,-100.0,-100.0,-100.0,-81.0,-82.0,-81.0,-83.0,-61.0,-100.0,-100.0,-100.0,-100.0,-100.0,-100.0,-100.0,-100.0,-100.0,-100.0,-100.0,CEP205
-100.0,-100.0,-100.0,-100.0,-100.0,-100.0,-82.0,-100.0,-83.0,-81.0,-85.0,-100.0,-100.0,-100.0,-100.0,-100.0,-100.0,-100.0,-100.0,-100.0,-100.0,-100.0,-100.0,-100.0,-100.0,-100.0,-100.0,-100.0,-100.0,-100.0,-100.0,-100.0,-100.0,-100.0,-100.0,-86.0,-81.0,-84.0,-86.0,-100.0,-100.0,-100.0,-100.0,-100.0,-100.0,-100.0,-100.0,-100.0,-100.0,-100.0,-100.0,-100.0,-100.0,-100.0,-100.0,-82.0,-82.0,-100.0,-100.0,-61.0,-100.0,-100.0,-100.0,-100.0,-100.0,-100.0,-100.0,-100.0,-100.0,-100.0,-100.0,CEP205
-100.0,-100.0,-100.0,-100.0,-100.0,-100.0,-89.0,-100.0,-88.0,-87.0,-85.0,-100.0,-100.0,-100.0,-100.0,-100.0,-100.0,-100.0,-100.0,-100.0,-100.0,-100.0,-100.0,-100.0,-100.0,-100.0,-100.0,-100.0,-100.0,-100.0,-100.0,-100.0,-100.0,-100.0,-100.0,-74.0,-74.0,-74.0,-74.0,-100.0,-100.0,-100.0,-100.0,-100.0,-100.0,-100.0,-100.0,-100.0,-100.0,-100.0,-100.0,-100.0,-100.0,-100.0,-100.0,-86.0,-86.0,-100.0,-87.0,-81.0,-100.0,-100.0,-100.0,-100.0,-100.0,-100.0,-100.0,-100.0,-100.0,-100.0,-100.0,CEP205
-100.0,-100.0,-100.0,-100.0,-100.0,-100.0,-88.0,-100.0,-87.0,-86.0,-66.0,-100.0,-100.0,-100.0,-100.0,-100.0,-100.0,-100.0,-100.0,-100.0,-100.0,-100.0,-100.0,-100.0,-100.0,-100.0,-100.0,-100.0,-100.0,-100.0,-100.0,-100.0,-100.0,-100.0,-100.0,-84.0,-84.0,-84.0,-84.0,-100.0,-100.0,-100.0,-100.0,-100.0,-100.0,-100.0,-100.0,-100.0,-100.0,-100.0,-100.0,-100.0,-100.0,-100.0,-100.0,-76.0,-76.0,-76.0,-76.0,-76.0,-100.0,-100.0,-100.0,-100.0,-100.0,-100.0,-100.0,-100.0,-100.0,-100.0,-100.0,CEP205
-100.0,-100.0,-100.0,-100.0,-100.0,-100.0,-100.0,-100.0,-100.0,-100.0,-76.0,-100.0,-100.0,-100.0,-100.0,-100.0,-100.0,-100.0,-100.0,-100.0,-100.0,-100.0,-100.0,-100.0,-100.0,-100.0,-100.0,-100.0,-100.0,-100.0,-100.0,-100.0,-100.0,-100.0,-100.0,-88.0,-85.0,-86.0,-89.0,-100.0,-100.0,-100.0,-100.0,-100.0,-100.0,-100.0,-100.0,-100.0,-88.0,-100.0,-88.0,-100.0,-100.0,-100.0,-100.0,-81.0,-100.0,-82.0,-82.0,-85.0,-100.0,-100.0,-100.0,-100.0,-100.0,-100.0,-100.0,-100.0,-100.0,-100.0,-100.0,CEP205
-100.0,-100.0,-90.0,-100.0,-100.0,-100.0,-81.0,-100.0,-100.0,-100.0,-77.0,-100.0,-100.0,-100.0,-100.0,-100.0,-100.0,-100.0,-100.0,-100.0,-100.0,-100.0,-100.0,-100.0,-100.0,-100.0,-100.0,-100.0,-100.0,-100.0,-100.0,-100.0,-100.0,-100.0,-100.0,-73.0,-73.0,-73.0,-73.0,-100.0,-100.0,-100.0,-100.0,-100.0,-100.0,-100.0,-100.0,-100.0,-100.0,-100.0,-100.0,-100.0,-100.0,-100.0,-100.0,-77.0,-77.0,-77.0,-77.0,-85.0,-100.0,-100.0,-100.0,-100.0,-100.0,-100.0,-100.0,-100.0,-100.0,-100.0,-100.0,CEP205
-100.0,-100.0,-100.0,-100.0,-100.0,-100.0,-82.0,-82.0,-82.0,-81.0,-81.0,-100.0,-100.0,-100.0,-100.0,-100.0,-100.0,-100.0,-100.0,-100.0,-100.0,-100.0,-100.0,-100.0,-100.0,-100.0,-100.0,-100.0,-100.0,-100.0,-100.0,-100.0,-100.0,-100.0,-100.0,-82.0,-81.0,-82.0,-83.0,-100.0,-100.0,-100.0,-100.0,-100.0,-100.0,-100.0,-100.0,-100.0,-100.0,-100.0,-100.0,-100.0,-100.0,-100.0,-100.0,-83.0,-83.0,-100.0,-83.0,-100.0,-100.0,-100.0,-100.0,-100.0,-100.0,-100.0,-100.0,-100.0,-100.0,-100.0,-100.0,CEP205
-100.0,-100.0,-89.0,-100.0,-100.0,-100.0,-85.0,-100.0,-88.0,-85.0,-100.0,-100.0,-100.0,-100.0,-100.0,-100.0,-100.0,-100.0,-100.0,-100.0,-100.0,-100.0,-100.0,-100.0,-100.0,-100.0,-100.0,-100.0,-100.0,-100.0,-100.0,-100.0,-100.0,-100.0,-100.0,-72.0,-72.0,-72.0,-72.0,-100.0,-100.0,-100.0,-100.0,-100.0,-100.0,-100.0,-100.0,-100.0,-100.0,-100.0,-100.0,-100.0,-100.0,-100.0,-100.0,-82.0,-82.0,-80.0,-80.0,-100.0,-100.0,-100.0,-100.0,-100.0,-100.0,-100.0,-100.0,-100.0,-100.0,-100.0,-100.0,CEP205
-100.0,-100.0,-100.0,-100.0,-100.0,-100.0,-100.0,-100.0,-88.0,-86.0,-100.0,-100.0,-100.0,-100.0,-100.0,-100.0,-100.0,-100.0,-100.0,-100.0,-100.0,-100.0,-100.0,-100.0,-100.0,-100.0,-100.0,-100.0,-100.0,-100.0,-100.0,-100.0,-100.0,-100.0,-100.0,-83.0,-82.0,-82.0,-83.0,-100.0,-100.0,-100.0,-100.0,-100.0,-100.0,-100.0,-100.0,-100.0,-100.0,-100.0,-100.0,-100.0,-100.0,-100.0,-100.0,-100.0,-100.0,-100.0,-100.0,-80.0,-100.0,-100.0,-100.0,-100.0,-100.0,-100.0,-100.0,-100.0,-100.0,-100.0,-100.0,CEP205
-88.0,-100.0,-81.0,-100.0,-100.0,-100.0,-68.0,-68.0,-100.0,-67.0,-79.0,-90.0,-100.0,-90.0,-100.0,-100.0,-100.0,-100.0,-100.0,-100.0,-100.0,-100.0,-100.0,-100.0,-100.0,-100.0,-100.0,-100.0,-100.0,-100.0,-100.0,-100.0,-90.0,-100.0,-100.0,-73.0,-73.0,-73.0,-73.0,-100.0,-100.0,-100.0,-100.0,-100.0,-100.0,-100.0,-100.0,-100.0,-100.0,-100.0,-100.0,-100.0,-100.0,-100.0,-100.0,-79.0,-79.0,-80.0,-80.0,-80.0,-87.0,-100.0,-100.0,-100.0,-100.0,-100.0,-100.0,-100.0,-100.0,-100.0,-100.0,CEP205
